ECV.L,Eco City Vehicles plc,LSE,UK,Auto Dealerships,744
MHN.L,Menhaden Capital,LSE,UK,,0
ZAZ.IR,ZAMANO,ISE,UK,,0
SWJ.L,John Swan & Sons plc,LSE,UK,,0
JDT.L,Jupiter Dividend & Growth Trust PLC,LSE,UK,,0
UANC.L,Urban&Civic; plc,LSE,UK,Real Estate Development,449
SDP.L,Schroder Asia Pacific Ord,LSE,UK,,0
HSBA.L,HSBC Holdings plc,LSE,UK,Money Center Banks,410
XPL.L,XPLORER,LSE,UK,,0
KLR.L,Keller Group plc,LSE,UK,General Contractors,636
SSE.L,SSE plc,LSE,UK,Diversified Utilities,913
JSI.L,Jiasen International Holdings Limited,LSE,UK,Home Furnishings & Fixtures,311
UBMN.L,UBM I14 NP,LSE,UK,,0
WPC.L,Witan Pacific Ord,LSE,UK,,0
RY4C.IR,RYANAIR HLDGS,ISE,UK,,0
VTC.L,The Vitec Group plc,LSE,UK,Communication Equipment,841
UTG.L,Unite Group plc,LSE,UK,Property Management,448
DOR.L,DORIEMUS,LSE,UK,,0
44RS.L,Santander UK Group Holdings plc,LSE,UK,,0
GPOR.L,Great Portland Estates plc,LSE,UK,REIT - Diversified,440
ASL.L,Aberforth Smaller Companies Ord,LSE,UK,,0
40JP.L,CAIXA GERAL FIN NCP,LSE,UK,,0
133716.L,XEROS TECH GR,LSE,UK,,0
PJF.L,The Prospect Japan Fund Limited,LSE,UK,,0
MLC.L,Millennium & Copthorne Hotels plc,LSE,UK,Lodging,710
137817.L,GCP STUDENT CP,LSE,UK,,0
GHE.L,Gresham House plc,LSE,UK,Asset Management,422
PML.L,Papua Mining plc,LSE,UK,Industrial Metals & Minerals,133
SBRY.L,J Sainsbury plc,LSE,UK,Grocery Stores,734
LEN.L,LEYSHON ENERGY,LSE,UK,,0
STS.L,Securities Trust of Scotland Ord,LSE,UK,,0
138654.L,HOCHSCHILD I15 NP,LSE,UK,,0
RWS.L,RWS Holdings plc,LSE,UK,Business Services,760
KGF.L,Kingfisher plc,LSE,UK,Home Improvement Stores,736
MSMN.L,Mosman Oil And Gas Limited,LSE,UK,Independent Oil & Gas,121
ELTZ.L,Electra Private Equity (Spl) ZDP 2016,LSE,UK,,0
DIVI.L,Diverse Income Trust Ord,LSE,UK,,0
RSW.L,Renishaw plc,LSE,UK,Diversified Electronics,836
JEL.L,Jersey Electricity plc,LSE,UK,Electric Utilities,911
DVO.L,Devro plc,LSE,UK,Food - Major Diversified,340
EMG.L,Man Group plc,LSE,UK,Asset Management,422
MKLW.L,A&J; Mucklow Group plc,LSE,UK,REIT - Diversified,440
JPM.L,JPMorgan Chase & Co.,LSE,UK,Money Center Banks,410
SRE.L,Sirius Real Estate Limited,LSE,UK,Property Management,448
UJO.L,Union Jack Oil plc,LSE,UK,Independent Oil & Gas,121
AJG.L,ATLAN JAP GRW GBP,LSE,UK,,0
TLW.L,Tullow Oil plc,LSE,UK,Independent Oil & Gas,121
IVPG.L,Invesco Perp Select Glo Eq Inc Ord,LSE,UK,,0
ESNT.L,ESSENTRA,LSE,UK,,0
VLOX.L,VELOX3,LSE,UK,,0
YMT1.L,Yang Ming Marine Transport Corporation,LSE,UK,Shipping,775
WMH.L,William Hill plc,LSE,UK,Gaming Activities,714
GLAF.L,GLI Alternative Finance Ord,LSE,UK,,0
NAR.L,Northamber plc,LSE,UK,Computers Wholesale,755
DWHT.L,Dewhurst plc,LSE,UK,Diversified Electronics,836
VER.L,Vernalis plc,LSE,UK,Biotechnology,515
SQS.L,SQS Software Quality Systems AG,LSE,UK,Business Software & Services,826
KAZ.L,KAZ Minerals plc,LSE,UK,Industrial Metals & Minerals,133
TTR.L,32Red Plc,LSE,UK,Resorts & Casinos,711
RLE.L,Real Estate Investors plc,LSE,UK,,0
WALG.L,Walcom Group Ltd,LSE,UK,Food - Major Diversified,340
SAR.L,Sareum Holdings plc,LSE,UK,Drug Manufacturers - Major,510
FQM.L,First Quantum Minerals Ltd.,LSE,UK,Industrial Metals & Minerals,133
RCI.L,RapidCloud International plc,LSE,UK,Business Software & Services,826
LMIF.L,LONMIN I15 FP,LSE,UK,,0
ABD.L,Aberdeen New Dawn Ord,LSE,UK,,0
IBSA.L,IBIS Media VCT 1 Ord,LSE,UK,,0
TMPL.L,Temple Bar Ord,LSE,UK,,0
QRM.L,Quorum plc,LSE,UK,,0
JE.L,JUST EAT,LSE,UK,,0
STG.L,STELLAR,LSE,UK,,0
RAT.L,Rathbone Brothers plc,LSE,UK,Asset Management,422
KEFI.L,KEFI Minerals Plc,LSE,UK,Industrial Metals & Minerals,133
YZA.IR,ARYZTA N,ISE,UK,,0
KLG.L,Asiamet Resources Limited,LSE,UK,Industrial Metals & Minerals,133
RNO.L,Renold plc,LSE,UK,Diversified Machinery,622
NBPE.L,NB Private Equity Partners Limited,LSE,UK,,0
CPG.L,Compass Group PLC,LSE,UK,Restaurants,712
RIGD.IL,RELNC INDS GDR-144A,IOB,UK,,0
FKV1.IR,CONROY GOLD NAT RES,ISE,UK,,0
INF.L,Informa plc,LSE,UK,Publishing - Newspapers,727
HUR.L,Hurricane Energy plc,LSE,UK,Independent Oil & Gas,121
SLED.IL,SOLIDR SPGDR REG-S,IOB,UK,,0
PCTZ.L,PICT ZDP 2016 GBP,LSE,UK,,0
TRY.L,TR Property Ord,LSE,UK,,0
FCSS.L,Fidelity China Special Ord,LSE,UK,,0
DUKE.L,Duke Royalty Limited,LSE,UK,,0
OTB.L,On the Beach Group plc,LSE,UK,,0
DRS.L,DRS Data & Research Services plc,LSE,UK,Business Services,760
NHL.L,Nomad Foods Limited,LSE,UK,Conglomerates,210
FDSA.L,Fidessa group plc,LSE,UK,Business Software & Services,826
VNIL.L,VIETNAM LISTED PORT,LSE,UK,,0
DNE.L,Dunedin Enterprise Ord,LSE,UK,,0
RDSA.L,Royal Dutch Shell plc,LSE,UK,Major Integrated Oil & Gas,120
BATS.L,British American Tobacco p.l.c.,LSE,UK,"Tobacco Products, Other",351
STOB.L,Stobart Group Limited,LSE,UK,Trucking,774
TCG.L,Thomas Cook Group plc,LSE,UK,"Recreational Goods, Other",317
STR.L,Stride Gaming plc,LSE,UK,Technical & System Software,822
CTY.L,City of London Ord,LSE,UK,,0
97452.L,PROMETH WORLD,LSE,UK,,0
GSS.L,Genesis Emerging Markets Fund,LSE,UK,,0
D4SO.L,Downing Four VCT Dp2011 Str Ords,LSE,UK,,0
SQNC.L,SQN ASS FIN GBP-C-,LSE,UK,,0
131746.L,MACROMAC,LSE,UK,,0
FPM.L,Faroe Petroleum plc,LSE,UK,Independent Oil & Gas,121
AAL.L,Anglo American plc,LSE,UK,Industrial Metals & Minerals,133
SL.L,Standard Life plc,LSE,UK,Life Insurance,430
AEN.L,Andes Energia PLC,LSE,UK,Electric Utilities,911
LWDB.L,The Law Debenture Corporation plc,LSE,UK,Asset Management,422
GLTR.IL,GLOBAL SPGDR REG-S,IOB,UK,,0
EUT.L,European Investment Ord,LSE,UK,,0
137304.L,NB DIST DEB INV USD,LSE,UK,,0
NUM.L,Numis Corporation Plc,LSE,UK,Asset Management,422
IEH.L,Intelligent Energy Holdings Plc,LSE,UK,Diversified Machinery,622
EBIV.L,EASTBRIDGE INVEST,LSE,UK,,0
WTM.L,Waterman Group plc,LSE,UK,General Contractors,636
ABF.L,Associated British Foods plc,LSE,UK,Food - Major Diversified,340
TRX.L,Tissue Regenix Group Plc,LSE,UK,Biotechnology,515
LEAF.L,Leaf Clean Energy Company,LSE,UK,Asset Management,422
BNZL.L,Bunzl plc,LSE,UK,Food Wholesale,757
SNCL.L,William Sinclair  Holdings plc,LSE,UK,Agricultural Chemicals,112
RNK.L,The Rank Group Plc,LSE,UK,Gaming Activities,714
PVG.L,PREMIER VET GRP,LSE,UK,,0
SN.L,Smith & Nephew plc,LSE,UK,Medical Appliances & Equipment,521
MAV4.L,Maven Income & Growth VCT 4 Ord,LSE,UK,,0
GLEN.L,Glencore Plc,LSE,UK,Industrial Metals & Minerals,133
EDGD.L,Edge Performance VCT 'D' Ord,LSE,UK,,0
PLAZ.L,Plaza Centers NV,LSE,UK,Property Management,448
DLN.L,Derwent London plc,LSE,UK,REIT - Diversified,440
BEEP.L,BlackRock Emerging Europe plc,LSE,UK,,0
ARM.L,ARM Holdings plc,LSE,UK,Semiconductor - Broad Line,830
CLDN.L,Caledonia Investments plc,LSE,UK,Asset Management,422
BKY.L,Berkeley Energia Limited,LSE,UK,Industrial Metals & Minerals,133
TW.L,Taylor Wimpey plc,LSE,UK,Residential Construction,630
ANA.L,ANA Holdings Inc.,LSE,UK,Major Airlines,770
OTC.L,Ortac Resources Ltd.,LSE,UK,Industrial Metals & Minerals,133
CREI.L,Custodian REIT Plc,LSE,UK,REIT - Diversified,440
TFIF.L,TWENTFOUR INC GBP,LSE,UK,,0
YNGN.L,"Young & Co.'s Brewery, P.L.C.",LSE,UK,Restaurants,712
DJI.L,DJI Holdings plc,LSE,UK,Gaming Activities,714
PTEC.L,Playtech plc,LSE,UK,Gaming Activities,714
AGOL.L,Ashmore Global Opportunities Ltd,LSE,UK,,0
KBC.L,KBC Advanced Technologies plc,LSE,UK,Oil & Gas Equipment & Services,124
VM.L,VIRGIN MON HLDG,LSE,UK,,0
LNTR.L,Lenta Ltd,LSE,UK,Department Stores,731
CRW.L,Craneware plc,LSE,UK,Healthcare Information Services,825
JPR.L,Johnston Press plc,LSE,UK,Publishing - Newspapers,727
UTLC.L,UIL FIN ZDP-2016,LSE,UK,,0
SIR.L,SEC INCOME REIT,LSE,UK,,0
SEC.L,Strategic Equity Capital Ord,LSE,UK,,0
GHS.L,Gresham House Strategic plc,LSE,UK,,0
VAL.L,ValiRx plc,LSE,UK,Biotechnology,515
PETS.L,Pets at Home Group Plc,LSE,UK,"Specialty Retail, Other",745
EOG.L,Europa Oil & Gas (Holdings) plc,LSE,UK,Independent Oil & Gas,121
DPV6.L,Downing Planned Exit VCT 6 Plc,LSE,UK,,0
LMIN.L,LONMIN I15 NP,LSE,UK,,0
WEB.L,Webis Holdings Plc,LSE,UK,Gaming Activities,714
KENV.L,Kennedy Ventures plc,LSE,UK,Asset Management,422
BKIR.L,The Governor and Company of the Bank of Ireland,LSE,UK,Money Center Banks,410
AFMF.L,Advance Frontier Markets Fund Limited,LSE,UK,,0
AGIZ.L,Aberforth Geared Income ZDP 2017,LSE,UK,,0
PUMA.L,Puma VCT VII Ord,LSE,UK,,0
FPEO.L,F&C; Private Equity Trust Ord,LSE,UK,,0
MCRO.L,Micro Focus International plc,LSE,UK,Technical & System Software,822
BKSA.L,The Black Sea Property Fund Limited,LSE,UK,,0
IONB.L,Iona Environmental VCT B Ord,LSE,UK,,0
HVPE.L,HarbourVest Global Private Equity Ltd.,LSE,UK,,0
WOS.L,Wolseley plc,LSE,UK,General Building Materials,634
HDD.L,Hardide PLC,LSE,UK,Chemicals - Major Diversified,110
COB.L,Cobham plc,LSE,UK,Aerospace/Defense - Major Diversified,610
JPIZ.L,JPMorgan Income & Capital ZDP 2018,LSE,UK,,0
OSEC.L,Octopus AIM VCT 2,LSE,UK,,0
NMG.L,Noricum Gold Limited,LSE,UK,Industrial Metals & Minerals,133
BET.L,Betfair Group PLC,LSE,UK,Gaming Activities,714
YKBD.IL,YAPI KD SPGDR REG-S,IOB,UK,,0
DGS.L,Digital Globe Services Inc.,LSE,UK,Internet Information Providers,851
TCF.L,TERRA GBP/0.01/NEW,LSE,UK,,0
NGR.L,Nature Group PLC,LSE,UK,,0
AFG.L,Aquatic Foods Group plc,LSE,UK,,0
GAMA.L,Gamma Communications plc,LSE,UK,Wireless Communications,840
133772.L,BRIT,LSE,UK,,0
WLFE.L,Wolf Minerals Limited,LSE,UK,Industrial Metals & Minerals,133
FMPI.L,F&C; Managed Portfolio Income Ord,LSE,UK,,0
AATG.L,Albion Technology & Gen VCT Ord,LSE,UK,,0
NCC.L,NCC Group plc,LSE,UK,Technical & System Software,822
JAM.L,JPMorgan American Ord,LSE,UK,,0
VLX.L,Volex plc,LSE,UK,Diversified Electronics,836
DOM.L,Domino's Pizza Group plc,LSE,UK,Restaurants,712
ERET.L,EURP REIT GBP PRP,LSE,UK,,0
SPD.L,Sports Direct International plc,LSE,UK,"Specialty Retail, Other",745
YOU.L,YouGov plc,LSE,UK,Business Services,760
87FZ.L,AECI 5.5 CP,LSE,UK,,0
SHI.L,SIG plc,LSE,UK,Industrial Equipment Wholesale,752
PVN.L,ProVen VCT Ord,LSE,UK,,0
JPG.L,Jupiter Global Ord,LSE,UK,,0
OPE.L,Optare Plc,LSE,UK,,0
PFLM.L,"PowerFilm, Inc.",LSE,UK,,0
NETD.L,NetDimensions (Holdings) Ltd,LSE,UK,Technical & System Software,822
CEY.L,Centamin Plc,LSE,UK,Gold,134
JRIC.L,Japan Residential Investment Co. Ltd.,LSE,UK,,0
CGLO.L,Chagala Group Ltd.,LSE,UK,,0
MNDI.L,Mondi plc,LSE,UK,Paper & Paper Products,324
HAS.L,Hays plc,LSE,UK,Staffing & Outsourcing Services,764
AGK.L,Aggreko plc,LSE,UK,Business Services,760
NTA.L,Northacre PLC,LSE,UK,Property Management,448
SYQ.L,SyQic Plc,LSE,UK,,0
SCPA.L,Scapa Group plc,LSE,UK,Specialty Chemicals,113
LWI.L,Lowland Ord,LSE,UK,,0
EXO.L,Exova Group plc,LSE,UK,Medical Laboratories & Research,525
IERE.L,Invista European Real Estate Trust SICAF,LSE,UK,,0
NANO.L,Nanoco Group plc,LSE,UK,Semiconductor Equipment & Materials,834
QFI.L,Quadrise Fuels International PLC,LSE,UK,Major Integrated Oil & Gas,120
WOR.L,World Careers Network plc,LSE,UK,Staffing & Outsourcing Services,764
3IN.L,3i Infrastructure plc,LSE,UK,Asset Management,422
NSCI.L,NetScientific plc,LSE,UK,Biotechnology,515
PURI.L,PuriCore Plc,LSE,UK,Pollution & Treatment Controls,623
3LEG.L,3Legs Resources plc,LSE,UK,Independent Oil & Gas,121
JPEI.L,JPMorgan Elect Managed Inc Ord,LSE,UK,,0
OPRA.L,Opera Investments Plc,LSE,UK,,0
IMT.L,Imperial Tobacco Group PLC,LSE,UK,"Tobacco Products, Other",351
PCF.L,Private & Commercial Finance Group plc,LSE,UK,Credit Services,424
0R6Z.L,Royal Unibrew A/S,LSE,UK,,0
QLI.IL,QUEENCO SPGDR REG-S,IOB,UK,,0
HICL.L,HICL Infrastructure Company Limited,LSE,UK,,0
LXB.L,LXB Retail Properties Plc,LSE,UK,Real Estate Development,449
CRAW.L,Crawshaw Group plc,LSE,UK,Grocery Stores,734
JAI.L,JPMorgan Asian Ord,LSE,UK,,0
JDG.L,Judges Scientific plc,LSE,UK,Scientific & Technical Instruments,837
OPAY.L,PAYSAFE GROUP,LSE,UK,,0
VED.L,Vedanta Resources plc,LSE,UK,Industrial Metals & Minerals,133
BOE.L,The Boeing Company,LSE,UK,Aerospace/Defense - Major Diversified,610
ANH.L,Al Noor Hospitals Group Plc,LSE,UK,Hospitals,524
NTG.L,Northgate plc,LSE,UK,Rental & Leasing Services,761
ENRT.L,Environmental Recycling Technologies plc,LSE,UK,Chemicals - Major Diversified,110
AV.L,Aviva plc,LSE,UK,Property & Casualty Insurance,432
MAIL.IL,MAIL RU SP GDR-REGS,IOB,UK,,0
KCOM.L,KCOM Group PLC,LSE,UK,Wireless Communications,840
LEK.L,Lekoil Limited,LSE,UK,Independent Oil & Gas,121
10NC.L,PHOSAGR SP GDR-144A,LSE,UK,,0
CNE.L,Cairn Energy plc,LSE,UK,Independent Oil & Gas,121
EUA.L,Eurasia Mining plc,LSE,UK,Industrial Metals & Minerals,133
SHOK.L,Marlowe Holdings Limited,LSE,UK,Asset Management,422
137305.L,NB DIST DEB INV USD,LSE,UK,,0
PFC.L,Petrofac Limited,LSE,UK,Oil & Gas Equipment & Services,124
SRPN.L,SERCO GROUP 15 NP,LSE,UK,,0
WSP.L,Wynnstay Properties plc,LSE,UK,Property Management,448
UKCM.L,UK Commercial Property Trust Ltd.,LSE,UK,,0
DVWA.L,Dee Valley Group plc,LSE,UK,Water Utilities,914
CCH.L,COCA-COLA HBC N,LSE,UK,,0
0NOL.L,ADVA Optical Networking SE,LSE,UK,,0
DGB.L,Digital Barriers plc,LSE,UK,Security & Protection Services,765
DTC.L,Datatec Limited,LSE,UK,Information Technology Services,824
ECM.L,Electrocomponents plc,LSE,UK,Industrial Equipment Wholesale,752
KBT.L,K3 Business Technology Group plc,LSE,UK,Information Technology Services,824
NAIT.L,North American Income Trust Ord,LSE,UK,,0
TAVI.L,Tavistock Investments PLC,LSE,UK,Asset Management,422
ABTX.L,"AquaBounty Technologies, Inc.",LSE,UK,,0
ZTF.L,Zotefoams plc,LSE,UK,Specialty Chemicals,113
DRV.L,"Driver Group, PLC",LSE,UK,Business Services,760
ZOO.L,Zoo Digital Group plc,LSE,UK,Technical & System Software,822
MGGT.L,Meggitt PLC,LSE,UK,Aerospace/Defense - Major Diversified,610
66XD.L,Edita Food Industries S.A.E.,LSE,UK,,0
ICGC.L,Irish Continental Group plc,LSE,UK,Shipping,775
RIO.L,Rio Tinto plc,LSE,UK,Industrial Metals & Minerals,133
OCL.L,Oakley Capital Investments Limited,LSE,UK,Asset Management,422
BRW.L,Brewin Dolphin Holdings plc,LSE,UK,Asset Management,422
NCYF.L,CQS New City High Yield Fund Limited,LSE,UK,,0
HOCN.L,HOCHSCHILD I15 NP,LSE,UK,,0
137267.L,RANG DIR LEND GBP,LSE,UK,,0
PRAE.L,Duke Royalty Limited,LSE,UK,Investment Brokerage - National,420
DP2D.L,Downing Two VCT 'D' Ord,LSE,UK,,0
ITRK.L,Intertek Group plc,LSE,UK,Business Services,760
FRES.L,Fresnillo PLC,LSE,UK,Industrial Metals & Minerals,133
BMR.L,BMR Mining PLC,LSE,UK,Industrial Metals & Minerals,133
INFI.L,Infinis Energy plc,LSE,UK,,0
T1VC.IR,TVC HOLDINGS,ISE,UK,,0
VOD.L,Vodafone Group Plc,LSE,UK,Wireless Communications,840
ECWO.L,Ecofin Water & Power Opps Ord/Inc,LSE,UK,,0
PPEA.L,PROV PLAN EX VCT-A-,LSE,UK,,0
RDT.L,Rosslyn Data Technologies plc,LSE,UK,Technical & System Software,822
NKTN.L,Nektan plc,LSE,UK,Multimedia & Graphics Software,820
40SI.L,BCP FIN PERP NCNVP,LSE,UK,,0
AEG.L,Active Energy Group PLC,LSE,UK,Pollution & Treatment Controls,623
PAP.L,Paddy Power plc,LSE,UK,Gaming Activities,714
WKOF.L,WEISS KOREA OPP GBP,LSE,UK,,0
LAD.L,Ladbrokes PLC,LSE,UK,Gaming Activities,714
MIG2.L,Maven Income & Growth VCT 2 Ord,LSE,UK,,0
BDEV.L,Barratt Developments plc,LSE,UK,Residential Construction,630
GAH.L,Gable Holdings Inc.,LSE,UK,Property & Casualty Insurance,432
LVRT.L,Levrett plc,LSE,UK,,0
HSV.L,HomeServe plc,LSE,UK,Business Services,760
OML.L,Old Mutual plc,LSE,UK,Life Insurance,430
DP2C.L,Downing Two VCT 'C' Ord,LSE,UK,,0
7035.L,MITSUBISHI CORP,LSE,UK,,0
LMI.L,Lonmin plc,LSE,UK,Industrial Metals & Minerals,133
RSB.L,Rensburg AIM VCT Ord,LSE,UK,,0
XPP.L,XP Power Ltd.,LSE,UK,Diversified Electronics,836
VNC.L,Ventus VCT 2 C Ord,LSE,UK,,0
KMGA.L,KAZMUNAI SP GDR144A,LSE,UK,,0
RPC.L,RPC Group Plc,LSE,UK,Packaging & Containers,325
MTW.L,Mattioli Woods PLC,LSE,UK,Asset Management,422
GFS.L,G4S plc,LSE,UK,Security & Protection Services,765
MWGT.L,Miton Worldwide Growth Ord,LSE,UK,,0
SARS.L,Sarossa Plc,LSE,UK,Asset Management,422
AVON.L,Avon Rubber p.l.c.,LSE,UK,Aerospace/Defense - Major Diversified,610
CCC.L,Computacenter plc,LSE,UK,Information Technology Services,824
PLSA.IR,PADDY POWER,ISE,UK,,0
LCG.L,London Capital Group Holdings plc,LSE,UK,Investment Brokerage - National,420
MIN.L,Minoan Group PLC,LSE,UK,"Recreational Goods, Other",317
WG.L,John Wood Group PLC,LSE,UK,Oil & Gas Equipment & Services,124
QRT.L,"Quarto Group, Inc.",LSE,UK,Publishing - Newspapers,727
VENC.L,Ventus VCT C Ord,LSE,UK,,0
LOGP.L,Lansdowne Oil & Gas plc,LSE,UK,Independent Oil & Gas,121
SYR.L,Synergy Health plc,LSE,UK,,0
SHFT.L,Shaft Sinkers Holdings Plc,LSE,UK,,0
MAFL.L,Mineral & Financial Investments Ltd,LSE,UK,,0
KMR.L,Kenmare Resources plc,LSE,UK,Industrial Metals & Minerals,133
FXPO.L,Ferrexpo Plc,LSE,UK,Steel & Iron,130
GNK.L,Greene King plc,LSE,UK,Restaurants,712
138610.L,LIVANOVA,LSE,UK,,0
CNG.L,China Nonferrous Gold Limited,LSE,UK,,0
SER.L,Sefton Resources Inc.,LSE,UK,,0
JMG.L,JPMorgan Emerging Markets Ord,LSE,UK,,0
RSTR.L,Rightster Group Plc,LSE,UK,Technical & System Software,822
JNY.L,Journey Group plc,LSE,UK,Business Services,760
PDG.L,Pendragon PLC,LSE,UK,Auto Dealerships,744
TUNE.L,Focusrite Plc,LSE,UK,"Recreational Goods, Other",317
CLIG.L,City of London Investment Group PLC,LSE,UK,Asset Management,422
UKM.L,UK Mail Group plc,LSE,UK,Air Delivery & Freight Services,773
WSL.L,Worldsec Limited,LSE,UK,Asset Management,422
DSN.L,Densitron Technologies plc,LSE,UK,,0
KFX.L,KOFAX,LSE,UK,,0
TED.L,TED BAKER,LSE,UK,,0
JD.L,JD Sports Fashion plc,LSE,UK,"Specialty Retail, Other",745
TPOU.L,Third Point Offshore Investors Limited,LSE,UK,,0
IBST.L,Ibstock plc,LSE,UK,,0
SWL.L,Swallowfield plc,LSE,UK,Personal Products,323
DLG.L,Direct Line Insurance Group PLC,LSE,UK,Property & Casualty Insurance,432
MIG5.L,Maven Income & Growth VCT 5 Ord,LSE,UK,,0
EIIB.L,Rasmala PLC,LSE,UK,Money Center Banks,410
TREE.L,Cambium Global Timberland Limited,LSE,UK,,0
BOK.L,Booker Group PLC,LSE,UK,Food Wholesale,757
POLR.L,Polar Capital Holdings plc,LSE,UK,Asset Management,422
SXS.L,Spectris plc,LSE,UK,Scientific & Technical Instruments,837
TAT.IL,TATUNG SP GDR REG-S,IOB,UK,,0
SCH.L,SafeCharge International Group Limited,LSE,UK,Information Technology Services,824
AAEV.L,Albion Enterprise VCT Ord,LSE,UK,,0
ENTU.L,entu (UK) plc,LSE,UK,Home Improvement Stores,736
RGM.L,Regency Mines Plc,LSE,UK,Industrial Metals & Minerals,133
YUJ.L,Yujin International Limited,LSE,UK,Shipping,775
SPSY.L,Spectra Systems Corporation,LSE,UK,Technical & System Software,822
EAS.L,Energy Assets Group Plc,LSE,UK,Oil & Gas Equipment & Services,124
EVR.L,EVRAZ plc,LSE,UK,Steel & Iron,130
SVI.L,SVG Capital Plc,LSE,UK,Asset Management,422
RB.L,Reckitt Benckiser Group plc,LSE,UK,Personal Products,323
DGE.L,Diageo plc,LSE,UK,Beverages - Wineries & Distillers,347
WTE.L,Westmount Energy Ltd.,LSE,UK,Independent Oil & Gas,121
4553.L,ZOTEFOAMS,LSE,UK,,0
URA.L,Uranium Resources Plc,LSE,UK,Industrial Metals & Minerals,133
KGP.L,Kingspan Group plc,LSE,UK,General Building Materials,634
JFJ.L,JPMorgan Japanese Ord,LSE,UK,,0
FEN.L,Frenkel Topping Group Plc,LSE,UK,Asset Management,422
BOO.L,boohoo.com plc,LSE,UK,Textile - Apparel Clothing,320
PLP.L,Polypipe Group plc,LSE,UK,Rubber & Plastics,322
RUS.L,Raven Russia Ltd.,LSE,UK,Real Estate Development,449
35780.L,YOUNG&CO;'S BRE NVTG,LSE,UK,,0
IBT.L,International Biotechnology Ord,LSE,UK,,0
DP2E.L,Downing Two VCT Plc,LSE,UK,,0
TMK.L,Torchmark Corporation,LSE,UK,,0
138570.L,BBA AVIATION I15 FP,LSE,UK,,0
COMS.L,Coms PLC,LSE,UK,Wireless Communications,840
SCN.L,SACOVEN,LSE,UK,,0
ZAM.L,Zambeef Products Plc,LSE,UK,Food - Major Diversified,340
ELTA.L,Electra Private Equity Ord/Inc,LSE,UK,,0
JPRL.L,Jupiter Energy Limited,LSE,UK,,0
FTSC.L,Foresight Solar VCT PLC C,LSE,UK,,0
PTF.L,Phaunos Timber Fund Ltd.,LSE,UK,,0
SAV.L,Savannah Resources Plc,LSE,UK,Gold,134
CROS.L,Crossrider Plc,LSE,UK,Internet Information Providers,851
ZOL.L,Zoltav Resources Inc.,LSE,UK,Independent Oil & Gas,121
DO1C.L,Downing FOUR VCT plc,LSE,UK,,0
JUS.L,Jupiter US Smaller Companies,LSE,UK,,0
WAFM.L,West African Minerals Corporation,LSE,UK,Industrial Metals & Minerals,133
JDW.L,J D Wetherspoon plc,LSE,UK,Restaurants,712
YOLO.L,Yolo Leisure and Technology plc,LSE,UK,Asset Management,422
RMP.L,Red Emperor Resources NL,LSE,UK,Independent Oil & Gas,121
FXI.L,Fusionex International Plc,LSE,UK,Business Software & Services,826
OGZD.IL,GAZPROM SP ADR,IOB,UK,,0
TILS.L,Tiziana Life Sciences PLC,LSE,UK,Biotechnology,515
UTW.L,Utilitywise Plc,LSE,UK,Business Services,760
BRGE.L,BlackRock Greater Europe Ord,LSE,UK,,0
WKP.L,Workspace Group plc,LSE,UK,REIT - Diversified,440
NLG.L,Arria NLG Plc,LSE,UK,Technical & System Software,822
UU.L,United Utilities Group PLC,LSE,UK,Water Utilities,914
OCN.L,Ocean Wilsons Holdings Ltd.,LSE,UK,Shipping,775
BBAN.L,BBA AVIATION I15 NP,LSE,UK,,0
SVS.L,Savills plc,LSE,UK,Property Management,448
ION1.L,Iona Environmental VCT Ord,LSE,UK,,0
55BC.L,COMM BK SP GDR-144A,LSE,UK,,0
MEL.L,Mitsubishi Electric Corporation,LSE,UK,Diversified Electronics,836
FISH.L,Fishing Republic plc,LSE,UK,,0
DRTY.L,DARTY,LSE,UK,,0
GKP.L,Gulf Keystone Petroleum Limited,LSE,UK,Oil & Gas Drilling & Exploration,123
101198.L,BELLZONE MINING NPV,LSE,UK,,0
ACE.L,Auhua Clean Energy Plc,LSE,UK,Diversified Utilities,913
AXS.L,Accsys Technologies Plc,LSE,UK,"Lumber, Wood Production",632
DMCA.L,DAMAC SP GDR-144A,LSE,UK,,0
TTA.L,TOTAL S.A.,LSE,UK,Major Integrated Oil & Gas,120
RGP.L,Ross Group plc,LSE,UK,Electronic Equipment,314
ROSN.IL,ROSNFT SP GDR-REG-S,IOB,UK,,0
IVPM.L,Invesco Perp Select Liquidity Ord,LSE,UK,,0
FJET.L,FastJet Plc,LSE,UK,"Air Services, Other",772
MOIL.L,Madagascar Oil Limited,LSE,UK,Independent Oil & Gas,121
MCS.L,McCarthy & Stone Plc,LSE,UK,,0
STGR.L,Stratmin Global Resources PLC,LSE,UK,Industrial Metals & Minerals,133
EZJ.L,easyJet plc,LSE,UK,Major Airlines,770
CNMI.L,Camper & Nicholsons Marina Investment Ltd,LSE,UK,Shipping,775
OTV1.L,OCTOPUS TITAN VCT 1,LSE,UK,,0
VSN.L,Verseon Corporation,LSE,UK,,0
OSB.L,OneSavings Bank Plc,LSE,UK,Money Center Banks,410
KIBO.L,Kibo Mining Plc,LSE,UK,Gold,134
DDDD.L,4D pharma plc,LSE,UK,Biotechnology,515
ULVR.L,Unilever plc,LSE,UK,Personal Products,323
AEX.L,Aminex plc,LSE,UK,Independent Oil & Gas,121
SMP.L,St. Modwen Properties PLC,LSE,UK,Property Management,448
RGD.L,Real Good Food plc,LSE,UK,Confectioners,345
DP3F.L,Downing Three VCT 'F' Ord,LSE,UK,,0
JWNG.L,JAYWING,LSE,UK,,0
BRWM.L,BlackRock World Mining Trust plc,LSE,UK,,0
FCIF.L,FUND CIR SME IN GBP,LSE,UK,,0
IGG.L,IG Group Holdings plc,LSE,UK,Investment Brokerage - National,420
LLPG.L,6.3673 LLOYDS NCP,LSE,UK,,0
89VS.L,X5 Retail Group N.V.,LSE,UK,Grocery Stores,734
GEM.L,Gemfields Plc,LSE,UK,Industrial Metals & Minerals,133
CIR.L,Circassia Limited,LSE,UK,Biotechnology,515
JMF.L,JPMorgan Mid Cap Ord,LSE,UK,,0
EPG.L,EP Global Opportunities Ord,LSE,UK,,0
MIO.L,Minco plc,LSE,UK,Industrial Metals & Minerals,133
138233.L,NB DIST DEB INV USD,LSE,UK,,0
BG.L,BG Group plc,LSE,UK,Independent Oil & Gas,121
SFE.L,Safestyle Uk plc,LSE,UK,Home Improvement Stores,736
NBDX.L,NB DIST DEB INV USD,LSE,UK,,0
KBE.L,KIMBERLEY ENTERPRIS,LSE,UK,,0
ODX.L,Omega Diagnostics Group PLC,LSE,UK,Medical Instruments & Supplies,520
DLAR.L,De La Rue plc,LSE,UK,Business Services,760
HHV.L,Hargreave Hale AIM VCT 1 Ord,LSE,UK,,0
EWI.L,Edinburgh Worldwide Ord,LSE,UK,,0
JPEC.L,JPMorgan Elect Managed Cash Ord,LSE,UK,,0
JLG.L,John Laing Group plc,LSE,UK,,0
SAC.L,SacOil Holdings Limited,LSE,UK,,0
PNL.L,Personal Assets Ord,LSE,UK,,0
37OC.L,"Oil and Gas Development Co., Ltd.",LSE,UK,,0
MIX.L,Mobeus Income & Growth VCT Ord,LSE,UK,,0
HWDN.L,HOWDEN JOIN GRP,LSE,UK,,0
JIM.L,Jarvis Securities plc,LSE,UK,Investment Brokerage - National,420
SAB.L,SABMiller plc,LSE,UK,Beverages - Brewers,346
PCT.L,Polar Capital Technology Ord,LSE,UK,,0
PNN.L,Pennon Group Plc,LSE,UK,Water Utilities,914
SIA.L,SOCO International plc,LSE,UK,Independent Oil & Gas,121
HHVT.L,Hargreave Hale AIM VCT 2 Ord,LSE,UK,,0
KEM.L,Kemin Resources plc,LSE,UK,Industrial Metals & Minerals,133
AMC.L,Amur Minerals Corporation,LSE,UK,Industrial Metals & Minerals,133
PPIX.L,ProPhotonix Limited,LSE,UK,,0
PAL.L,Equatorial Palm Oil plc,LSE,UK,Farm Products,341
ADM.L,Admiral Group plc,LSE,UK,Property & Casualty Insurance,432
GENL.L,Genel Energy plc,LSE,UK,Independent Oil & Gas,121
SCP.L,Schroder UK Mid Cap Ord,LSE,UK,,0
PGR.L,Prospex Oil and Gas plc,LSE,UK,,0
GDL.L,Greka Drilling Limited,LSE,UK,Oil & Gas Drilling & Exploration,123
TATE.L,Tate & Lyle plc,LSE,UK,Food - Major Diversified,340
KAKU.L,Kakuzi Ltd.,LSE,UK,Farm Products,341
PFG.L,Provident Financial plc,LSE,UK,Credit Services,424
CAMK.L,Camkids Group PLC,LSE,UK,,0
NOP.L,Northern Petroleum plc,LSE,UK,Independent Oil & Gas,121
MCB.L,McBride plc,LSE,UK,Personal Products,323
DUPD.L,Dragon Ukrainian Properties & Development plc,LSE,UK,Property Management,448
ARW.L,Arrow Global Group PLC,LSE,UK,Asset Management,422
HSS.L,Nakama Group plc,LSE,UK,Staffing & Outsourcing Services,764
AMED.L,Amedeo Resources plc,LSE,UK,,0
ECK.L,Eckoh Plc,LSE,UK,Technical & System Software,822
TRP.L,Tower Resources PLC,LSE,UK,Independent Oil & Gas,121
VCT.L,Victrex plc,LSE,UK,Specialty Chemicals,113
MGNT.IL,MAGNIT SP GDR REG-S,IOB,UK,,0
ACT.L,ACT EXPERIENCE,LSE,UK,,0
GPG.L,Coats Group plc,LSE,UK,Conglomerates,210
CARD.L,Card Factory PLC,LSE,UK,"Specialty Retail, Other",745
NOG.L,Nostrum Oil & Gas Plc,LSE,UK,Independent Oil & Gas,121
DRX.L,Drax Group plc.,LSE,UK,Diversified Utilities,913
NWR.L,New World Resources Plc,LSE,UK,Industrial Metals & Minerals,133
ISAT.L,Inmarsat Plc,LSE,UK,Wireless Communications,840
ACP.L,Armadale Capital Plc,LSE,UK,,0
SMA.L,Sovereign Mines Of Africa PLC,LSE,UK,Gold,134
RKMD.IL,ROSTELECOM SP ADR,IOB,UK,,0
BARC.L,Barclays PLC,LSE,UK,Money Center Banks,410
ROR.L,Rotork plc,LSE,UK,Diversified Machinery,622
AHCG.L,Action Hotels PLC,LSE,UK,Lodging,710
BEZ.L,Beazley plc,LSE,UK,Property & Casualty Insurance,432
JZCZ.L,JZ CA GBP-2022 ZDP-,LSE,UK,,0
HTG.L,Hunting plc,LSE,UK,Oil & Gas Equipment & Services,124
THRL.L,Target Healthcare REIT Limited,LSE,UK,REIT - Healthcare Facilities,442
PROJ.L,Project Finance Investments Limited,LSE,UK,,0
POLY.L,Polymetal International Plc,LSE,UK,Industrial Metals & Minerals,133
SKY.L,SKY,LSE,UK,,0
OPM.L,1pm PLC,LSE,UK,Rental & Leasing Services,761
GVC.L,GVC Holdings PLC,LSE,UK,Resorts & Casinos,711
OTM.L,The Ottoman Fund Limited,LSE,UK,,0
JZCX.L,JZ CAPITAL PAR GBP,LSE,UK,,0
HYDG.L,Hydrogen Group PLC,LSE,UK,Staffing & Outsourcing Services,764
HNR.L,Highlands Natural Resources Plc,LSE,UK,,0
WTL.L,WATERLOGIC -NPV-,LSE,UK,,0
RSA.L,RSA Insurance Group plc,LSE,UK,Property & Casualty Insurance,432
TRIG.L,RENEW INF GR GBP,LSE,UK,,0
OCDO.L,Ocado Group plc,LSE,UK,Grocery Stores,734
KEA.L,Kea Petroleum PLC,LSE,UK,,0
AOMD.IL,MOSENERGO SP ADR,IOB,UK,,0
P2P2.L,P2P Global Investments PLC,LSE,UK,,0
BA.L,BAE Systems plc,LSE,UK,Aerospace/Defense - Major Diversified,610
RMG.L,Royal Mail plc,LSE,UK,Air Delivery & Freight Services,773
VENN.L,Venn Life Sciences Holdings plc,LSE,UK,Hospitals,524
87UC.L,7.0916 RBS GRP NCP,LSE,UK,,0
ESO.L,EPE Special Opportunities plc,LSE,UK,,0
LEAL.L,Lead All Investments Limited,LSE,UK,Asset Management,422
PGIL.L,Polyus Gold International Limited,LSE,UK,,0
BT-A.L,BT Group plc,LSE,UK,Wireless Communications,840
PTD.L,Pittards plc,LSE,UK,Textile - Apparel Footwear & Accessories,321
COPL.L,Canadian Overseas Petroleum Limited,LSE,UK,,0
DPLM.L,Diploma PLC,LSE,UK,Industrial Equipment Wholesale,752
128613.L,CAMKIDS GRP,LSE,UK,,0
PANR.L,Pantheon Resources,LSE,UK,Oil & Gas Drilling & Exploration,123
JPIU.L,JPMorgan (2 Ord & 1 Zero Dividend Pref),LSE,UK,,0
D4SA.L,Downing Four VCT Dp2011 Str A Shs,LSE,UK,,0
AERO.L,Strat Aero Plc,LSE,UK,Aerospace/Defense - Major Diversified,610
NBI.L,Northbridge Industrial Services PLC,LSE,UK,Diversified Machinery,622
CMHY.L,CITY MER HIG GBP,LSE,UK,,0
59PQ.L,7.387 RBS GROUP NCP,LSE,UK,,0
JESC.L,JPMorgan European Smaller Comp Ord,LSE,UK,,0
51FL.L,S.C. Electrica S.A.,LSE,UK,,0
ERM.L,Euromoney Institutional Investor PLC,LSE,UK,Publishing - Newspapers,727
TLA.L,TLA Worldwide Plc,LSE,UK,"Recreational Goods, Other",317
GRN.L,Green REIT plc,LSE,UK,,0
APGN.IR,APPLEGREEN,ISE,UK,,0
OVG.L,Ovoca Gold plc,LSE,UK,Gold,134
ATS.L,Artemis Alpha Trust Ord,LSE,UK,,0
AVR.L,Avarae Global Coins Plc,LSE,UK,"Recreational Goods, Other",317
AUTO.L,Auto Trader Group plc,LSE,UK,,0
NCA.L,New Century AIM VCT Ord,LSE,UK,,0
ENQ.L,EnQuest PLC,LSE,UK,Independent Oil & Gas,121
ONL.L,On-Line plc,LSE,UK,Internet Information Providers,851
INLZ.L,INLAND ZDP,LSE,UK,,0
JLP.L,Jubilee Platinum Plc,LSE,UK,Industrial Metals & Minerals,133
EDIN.L,Edinburgh Investment Ord,LSE,UK,,0
GMS.L,Gulf Marine Services PLC,LSE,UK,Oil & Gas Equipment & Services,124
BKIC.L,GOV&CO; BK IRE NCP A,LSE,UK,,0
WEIR.L,The Weir Group PLC,LSE,UK,Diversified Machinery,622
GRI.L,Grainger Plc,LSE,UK,Property Management,448
BOIL.L,BARON OIL,LSE,UK,,0
GNI.L,"General Industries plc, Prior to Reverse Merger with Altair Consultancy and Advisory Services Ltd",LSE,UK,Conglomerates,210
CSFG.L,CSF Group plc,LSE,UK,Information Technology Services,824
LVD.L,Lavendon Group plc,LSE,UK,Rental & Leasing Services,761
138232.L,NB DIST DEB INV USD,LSE,UK,,0
RGU.L,Regus plc,LSE,UK,Business Services,760
AAVC.L,Albion VCT Ord,LSE,UK,,0
TYM.L,Tertiary Minerals plc,LSE,UK,Industrial Metals & Minerals,133
KLN.L,Kellan Group plc,LSE,UK,Staffing & Outsourcing Services,764
FTN.L,Foresight 2 VCT Ord,LSE,UK,,0
SDY.L,Speedy Hire Plc,LSE,UK,Business Services,760
LGEN.L,Legal & General Group Plc,LSE,UK,Life Insurance,430
GED.L,Global Energy Development plc,LSE,UK,Independent Oil & Gas,121
HMLH.L,HML Holdings PLC,LSE,UK,Property Management,448
VEND.L,Ventus VCT D Ord,LSE,UK,,0
SCHO.L,Scholium Group Plc,LSE,UK,"Specialty Retail, Other",745
FPEZ.L,F&C; PRIV EQTY ZDP,LSE,UK,,0
TSTR.L,TRI-STAR RESOURCES ,LSE,UK,,0
HHI.L,Henderson High Income Ord,LSE,UK,,0
HAWK.L,Nighthawk Energy plc,LSE,UK,Independent Oil & Gas,121
NTV.L,Northern 2 VCT Ord,LSE,UK,,0
FAIR.L,FAIR OAKS INC USD,LSE,UK,,0
TMMG.L,The Mission Marketing Group plc,LSE,UK,Advertising Agencies,720
WTS.L,WORLD TRADE SYSTEMS,LSE,UK,,0
CHAL.L,Challenger Acquisitions Limited,LSE,UK,,0
365.L,365 Agile Group plc,LSE,UK,,0
RR.L,Rolls Royce Holdings plc,LSE,UK,Aerospace/Defense - Major Diversified,610
WTB.L,Whitbread PLC,LSE,UK,Restaurants,712
ZPLA.L,Zoopla Property Group Plc,LSE,UK,Internet Information Providers,851
RVG.L,hVIVO plc,LSE,UK,Biotechnology,515
BMTO.L,T.F. & J.H. Braime (Holdings) P.L.C.,LSE,UK,Metal Fabrication,626
KNM.L,Konami Holdings Corporation,LSE,UK,Multimedia & Graphics Software,820
TPOG.L,Third Point Offshore Investors Limited,LSE,UK,,0
GSK.L,GlaxoSmithKline plc,LSE,UK,Drug Manufacturers - Major,510
FTNI.L,Foresight VCT 2 Infrastructure Ord,LSE,UK,,0
BPTY.L,bwin.party digital entertainment plc,LSE,UK,,0
WPP.L,WPP plc,LSE,UK,Advertising Agencies,720
86IP.L,WIT TRS GBP-2.7CUM-,LSE,UK,,0
FCCN.L,French Connection Group plc,LSE,UK,Textile - Apparel Clothing,320
AAA.L,All Asia Asset Capital Limited,LSE,UK,Asset Management,422
JLEN.L,JHN LAI ENV ASS GBP,LSE,UK,,0
AO.L,AO WORLD,LSE,UK,,0
NARS.L,Nationwide Accident Repair Services plc,LSE,UK,,0
INSC.L,INSPIRED CAP,LSE,UK,,0
ORCH.L,Orchard Funding Group PLC,LSE,UK,,0
EDR.L,Egdon Resources plc,LSE,UK,Independent Oil & Gas,121
20974.L,UTILICO ZDP-2016,LSE,UK,,0
123055.L,UTILICO ZDP-2018,LSE,UK,,0
SBLM.L,Sable Mining Africa Limited,LSE,UK,Industrial Metals & Minerals,133
EQN.L,Equiniti Group plc,LSE,UK,,0
PHC.L,Plant Health Care plc,LSE,UK,Chemicals - Major Diversified,110
SPI.L,Spire Healthcare Group Plc,LSE,UK,Business Services,760
STNF.L,STD CHARTERE I15 FP,LSE,UK,,0
GNS.L,Genus plc,LSE,UK,Biotechnology,515
SJG.L,Schroder Japan Growth Ord,LSE,UK,,0
PTV.L,PeerTV Plc,LSE,UK,,0
MIG.L,Mobeus Income & Growth 2 VCT Ord,LSE,UK,,0
HIK.L,Hikma Pharmaceuticals PLC,LSE,UK,Drugs - Generic,512
ZIOC.L,Zanaga Iron Ore Company Limited,LSE,UK,Industrial Metals & Minerals,133
BYG.L,Big Yellow Group plc,LSE,UK,REIT - Industrial,444
SNT.L,Sabien Technology Group Plc,LSE,UK,Diversified Machinery,622
TET.L,Treatt plc,LSE,UK,Chemicals - Major Diversified,110
AOF.L,Africa Opportunity Fund Limited,LSE,UK,,0
FEV.L,Fidelity European Values Ord,LSE,UK,,0
FGT.L,Finsbury Growth & Income Ord,LSE,UK,,0
118821.L,QUORAM,LSE,UK,,0
ETO.L,Entertainment One Ltd.,LSE,UK,Entertainment - Diversified,722
BNC.L,"Banco Santander, S.A.",LSE,UK,Money Center Banks,410
SBD.L,Songbird Estates PLC,LSE,UK,,0
HUNT.L,Hunters Property Group Limited,LSE,UK,,0
RBS.L,The Royal Bank of Scotland Group plc,LSE,UK,Money Center Banks,410
XCH.L,Xchanging plc,LSE,UK,Business Services,760
IHG.L,Intercontinental Hotels Group plc,LSE,UK,Lodging,710
OXA.L,OXACO PLC,LSE,UK,Medical Laboratories & Research,525
MARS.L,Marston's plc,LSE,UK,Restaurants,712
LRD.L,Laird PLC,LSE,UK,Communication Equipment,841
ULE.L,Ultra Electronics Holdings plc,LSE,UK,Aerospace/Defense - Major Diversified,610
RRS.L,Randgold Resources Limited,LSE,UK,Gold,134
JIL.L,Juridica Investments Ltd,LSE,UK,Asset Management,422
BC94.L,Samsung Electronics Co. Ltd.,LSE,UK,Electronic Equipment,314
RDL.L,Ranger Direct Lending Fund Ord,LSE,UK,,0
DIG.L,Dunedin Income Growth Ord,LSE,UK,,0
HSTG.L,Hastings Group Holdings plc,LSE,UK,,0
SDVZ.L,Small Companies Dividend - ZDP 2018,LSE,UK,,0
BLCK.L,Tiso Blackstar Group SE,LSE,UK,Asset Management,422
INCH.L,Inchcape plc,LSE,UK,Auto Dealerships,744
DNO.L,Domino Printing Sciences plc,LSE,UK,,0
MNP.L,Martin Currie Global Portfolio Ord,LSE,UK,,0
SPX.L,Spirax-Sarco Engineering plc,LSE,UK,Diversified Machinery,622
IE1C.L,INGEN ENT VCT 1-C-,LSE,UK,,0
BILB.L,Bilby Plc,LSE,UK,,0
UKRO.L,Ukraine Opportunity Ord,LSE,UK,,0
RNWH.L,Renew Holdings plc,LSE,UK,General Contractors,636
133789.L,SAFECHAR INTR,LSE,UK,,0
WPCT.L,Woodford Patient Capital Trust,LSE,UK,,0
TNI.L,Trinity Mirror plc,LSE,UK,Publishing - Newspapers,727
SAVP.L,Savannah Petroleum Plc,LSE,UK,Independent Oil & Gas,121
MRO.L,Melrose Industries PLC,LSE,UK,Diversified Machinery,622
SUN.L,Surgical Innovations Group plc,LSE,UK,Medical Appliances & Equipment,521
SNG1.L,S.N.G.N. RomGaz S.A.,LSE,UK,Gas Utilities,912
BNKR.L,Bankers Ord,LSE,UK,,0
AUKT.L,Aberdeen UK Tracker Ord,LSE,UK,,0
JETG.L,JPMorgan European Growth Pool Ord,LSE,UK,,0
SOPH.L,Sophos Group plc,LSE,UK,,0
NOVA.L,Nova Resources Limited,LSE,UK,Asset Management,422
KGLD.L,Kolar Gold Limited,LSE,UK,Gold,134
ELM.L,Elementis plc,LSE,UK,Specialty Chemicals,113
YMTD.IL,YNG MNG SPGDR REG-S,IOB,UK,,0
PLI.L,Perpetual Income & Growth Ord,LSE,UK,,0
DP2A.L,Downing Two VCT Plc,LSE,UK,,0
LRM.L,Lombard Risk Management plc,LSE,UK,Technical & System Software,822
138655.L,HOCHSCHILD I15 FP,LSE,UK,,0
MIG3.L,Maven Income & Growth VCT 3 Ord,LSE,UK,,0
HON.L,Honeywell International Inc.,LSE,UK,Diversified Machinery,622
112787.L,JUBILANT ENERGY,LSE,UK,,0
QTX.L,Quartix Holdings plc,LSE,UK,Scientific & Technical Instruments,837
AVV.L,AVEVA Group plc,LSE,UK,Information Technology Services,824
USG.L,Ultimate Sports Group Plc,LSE,UK,,0
HFEL.L,Henderson Far East Income Limited,LSE,UK,,0
OXP.L,OXFORD PHARMASCI,LSE,UK,,0
VEC.L,Vectura Group plc,LSE,UK,Drug Manufacturers - Major,510
LAM.L,Lamprell plc,LSE,UK,General Contractors,636
STVG.L,STV Group plc,LSE,UK,Broadcasting - TV,723
REX.L,Rexam PLC,LSE,UK,Packaging & Containers,325
TRG.L,TR European Growth Ord,LSE,UK,,0
HFG.L,Hilton Food Group plc,LSE,UK,Food - Major Diversified,340
JUB.L,Jubilant Energy NV,LSE,UK,,0
DAN.L,Daniel Stewart Securities plc,LSE,UK,Investment Brokerage - National,420
136281.L,MARWYN VALUE IN,LSE,UK,,0
DIA.L,Dialight plc,LSE,UK,Diversified Electronics,836
VZC.L,Verizon Communications Inc.,LSE,UK,Wireless Communications,840
TPL.L,Tethys Petroleum Limited,LSE,UK,,0
JLT.L,Jardine Lloyd Thompson Group plc,LSE,UK,Insurance Brokers,434
HSL.L,Henderson Smaller Companies Ord,LSE,UK,,0
SPSM.L,Stallion Resources plc,LSE,UK,,0
PRU.L,Prudential plc,LSE,UK,Life Insurance,430
PIN.L,Pantheon International Ord PLC,LSE,UK,,0
HSW.L,Hostelworld Group Plc,LSE,UK,,0
DSC.L,U and I Group PLC,LSE,UK,Property Management,448
STAN.L,Standard Chartered PLC,LSE,UK,Money Center Banks,410
LBB.L,Litebulb Group Limited,LSE,UK,,0
OXS.L,Oxus Gold plc,LSE,UK,Gold,134
PHNX.L,Phoenix Group Holdings Plc,LSE,UK,Life Insurance,430
IPO.L,IP Group Plc,LSE,UK,Asset Management,422
ALD.L,Aldermore Group PLC,LSE,UK,,0
SGP.L,SuperGroup Plc,LSE,UK,Textile - Apparel Clothing,320
EDV.L,Elderstreet VCT Ord,LSE,UK,,0
BSC.L,British Smaller Companies VCT2 Ord,LSE,UK,,0
ZZZ.L,Snoozebox Holdings plc,LSE,UK,Lodging,710
0QXN.L,Zalando SE,LSE,UK,,0
TEF.L,Telford Homes plc,LSE,UK,Residential Construction,630
STNN.L,STD CHARTERE I15 NP,LSE,UK,,0
WRN.L,WORTHINGTON,LSE,UK,,0
TRE.L,Trading Emissions Plc,LSE,UK,Asset Management,422
RPO.L,RusPetro plc,LSE,UK,Independent Oil & Gas,121
LKOD.IL,LUKOIL SP ADR,IOB,UK,,0
SAGA.L,Saga plc,LSE,UK,Property & Casualty Insurance,432
MOLD.IL,MOL SP ADR-SER A,IOB,UK,,0
ARCH.L,ARC Capital Holdings Limited,LSE,UK,,0
FEDS.IL,FEDERAL BANK GDR,IOB,UK,,0
TALK.L,TalkTalk Telecom Group PLC,LSE,UK,Wireless Communications,840
HSTN.L,Hansteen Holdings PLC,LSE,UK,REIT - Industrial,444
RRR.L,Red Rock Resources plc,LSE,UK,Industrial Metals & Minerals,133
RE-B.L,9 REA HOLDINGS CP,LSE,UK,,0
JII.L,JPMorgan Indian Ord,LSE,UK,,0
MGHZ.L,M&G; High Income ZDP 2017,LSE,UK,,0
CR3.L,CORE VCT,LSE,UK,,0
INM.L,Independent News & Media plc,LSE,UK,Publishing - Newspapers,727
APT.L,Axa Property Trust,LSE,UK,,0
KDR.L,Karelian Diamond Resources PLC,LSE,UK,Industrial Metals & Minerals,133
LRE.L,Lancashire Holdings Limited,LSE,UK,Accident & Health Insurance,431
MTV.L,Motive Television plc,LSE,UK,Entertainment - Diversified,722
NVA.L,Novae Group Plc,LSE,UK,Property & Casualty Insurance,432
OAPC.L,Octopus Apollo VCT C,LSE,UK,,0
TLPR.L,Tullett Prebon plc,LSE,UK,Investment Brokerage - National,420
CPI.L,Capita plc,LSE,UK,Business Services,760
PURP.L,Purplebricks Group PLC,LSE,UK,,0
STJ.L,St. James's Place plc,LSE,UK,Life Insurance,430
NCON.L,Norcon Plc,LSE,UK,Business Services,760
AGL.L,ANGLE Plc,LSE,UK,Medical Laboratories & Research,525
135219.L,ALENT,LSE,UK,,0
FDM.L,Ford Motor Co.,LSE,UK,Auto Manufacturers - Major,330
NTOG.L,Nostra Terra Oil & Gas Company plc,LSE,UK,Independent Oil & Gas,121
AZN.L,AstraZeneca PLC,LSE,UK,Drug Manufacturers - Major,510
EHG.L,Elegant Hotels Group Plc,LSE,UK,,0
HDY.L,Hardy Oil & Gas plc,LSE,UK,Independent Oil & Gas,121
HOME.L,Home Retail Group plc,LSE,UK,"Specialty Retail, Other",745
GFIN.L,Gfinity plc,LSE,UK,"Recreational Goods, Other",317
PHO.L,Peel Hotels Plc,LSE,UK,Lodging,710
MAW.L,"Maruwa Co., Ltd.",LSE,UK,Diversified Electronics,836
AST.L,Ascent Resources plc,LSE,UK,Independent Oil & Gas,121
DAL.L,Dalata Hotel Group p.l.c.,LSE,UK,Lodging,710
113813.L,COPPER DEVELOP,LSE,UK,,0
INCA.L,INCADEA,LSE,UK,,0
131463.L,RAPIDCLOUD -NPV-,LSE,UK,,0
UEN.L,Urals Energy Public Company Limited,LSE,UK,Oil & Gas Drilling & Exploration,123
RGL.L,Regional REIT Limited,LSE,UK,,0
UKML.L,UK MORTGAGES GBP,LSE,UK,,0
BLNX.L,Blinkx plc,LSE,UK,Internet Information Providers,851
JDTC.L,Jupiter Dividend & Growth Comm Common,LSE,UK,,0
SEQC.L,SEQU ECO INF GBP-C-,LSE,UK,,0
ZBO.L,Zibao Metals Recycling Holdings Plc,LSE,UK,Industrial Metals & Minerals,133
BABU.L,BlueCrest AllBlue Fund Limited,LSE,UK,,0
JZCN.L,JZ CAPITAL ZDP-GBP,LSE,UK,,0
RXP.L,Roxi Petroleum PLC,LSE,UK,Independent Oil & Gas,121
ZHEH.L,Zhejiang Expressway Co. Ltd.,LSE,UK,Heavy Construction,635
HSX.L,"Hiscox, Ltd.",LSE,UK,Property & Casualty Insurance,432
AFPO.L,African Potash Limited,LSE,UK,Agricultural Chemicals,112
125795.L,POLYUS GOLD INTL,LSE,UK,,0
BWNG.L,N Brown Group plc,LSE,UK,"Specialty Retail, Other",745
PVCS.L,PV Crystalox Solar plc,LSE,UK,Diversified Utilities,913
LED.L,LED International Holdings Limited,LSE,UK,Diversified Electronics,836
BLUR.L,blur Group plc,LSE,UK,Internet Information Providers,851
CCPG.L,CVC EUR OPP GBP,LSE,UK,,0
WRES.L,W RESOURCES,LSE,UK,,0
OPAN.L,OPTIMAL I15 NP,LSE,UK,,0
TCY.L,Telecity Group plc,LSE,UK,Business Software & Services,826
MWG.L,Modern Water plc,LSE,UK,Water Utilities,914
C4XD.L,C4X Discovery Holdings plc,LSE,UK,Biotechnology,515
MPE.L,M.P. Evans Group plc,LSE,UK,Farm Products,341
DEMG.L,Deltex Medical Group plc,LSE,UK,Medical Appliances & Equipment,521
JCH.L,JPMorgan Claverhouse Ord,LSE,UK,,0
TIR.L,Tiger Resource Finance plc,LSE,UK,Asset Management,422
OEX.L,Oilex Ltd.,LSE,UK,Independent Oil & Gas,121
YNGA.L,"Young & Co.'s Brewery, P.L.C.",LSE,UK,Restaurants,712
BRFI.L,BlackRock Frontiers Ord,LSE,UK,,0
IVI.L,Invesco Income Growth Ord,LSE,UK,,0
DP3E.L,Downing THREE VCT plc,LSE,UK,,0
BWO.L,Barloworld Ltd.,LSE,UK,Rental & Leasing Services,761
GYM.L,The Gym Group plc,LSE,UK,,0
RPS.L,RPS Group plc,LSE,UK,Business Services,760
138967.L,LONMIN I15 FP,LSE,UK,,0
CRPR.L,James Cropper plc,LSE,UK,Paper & Paper Products,324
RCP.L,RIT Capital Partners plc,LSE,UK,Asset Management,422
GNC.L,Greencore Group plc,LSE,UK,Food - Major Diversified,340
GPE.L,Graphite Enterprise Trust Ord,LSE,UK,,0
INDV.L,Indivior PLC,LSE,UK,Drugs - Generic,512
CGNR.L,Conroy Gold and Natural Resources plc,LSE,UK,,0
MLD.L,MirLand Development Corporation Plc,LSE,UK,Property Management,448
IMI.L,IMI plc,LSE,UK,Diversified Machinery,622
STAB.L,7.375 STD CHAR NCIP,LSE,UK,,0
MTFB.L,Motif Bio Plc,LSE,UK,,0
IKK.L,Inch Kenneth Kajang Rubber Public Limited Company,LSE,UK,Resorts & Casinos,711
IAG.L,"International Consolidated Airlines Group, S.A.",LSE,UK,Major Airlines,770
WHE.L,Salt Lake Potash Limited,LSE,UK,Independent Oil & Gas,121
PHRM.L,Phorm Corporation Limited,LSE,UK,Advertising Agencies,720
VRP.L,Verona Pharma plc,LSE,UK,Biotechnology,515
5578.L,HARDY OIL AND GAS,LSE,UK,,0
TPK.L,Travis Perkins plc,LSE,UK,General Building Materials,634
ATST.L,Alliance Trust PLC,LSE,UK,Asset Management,422
CLNR.L,Cluff Natural Resources Plc,LSE,UK,Independent Oil & Gas,121
40XT.L,ROSNEFT SP GDR-144A,LSE,UK,,0
CZA.L,Coal of Africa Limited,LSE,UK,Industrial Metals & Minerals,133
QXT.L,Quixant Plc,LSE,UK,Computer Based Systems,812
124388.L,NAIBU GLOBAL,LSE,UK,,0
MVI.L,Marwyn Value Investors Limited,LSE,UK,,0
NSA.L,Nimrod Sea Assets Limited,LSE,UK,,0
XEL.L,Xcite Energy Limited,LSE,UK,Independent Oil & Gas,121
PFIT.L,PRESSFIT HOLDINGS,LSE,UK,,0
MAB.L,Mitchells & Butlers plc,LSE,UK,Restaurants,712
SEN.L,Senterra Energy Plc,LSE,UK,,0
OPHR.L,Ophir Energy Plc,LSE,UK,Independent Oil & Gas,121
RWA.L,Robert Walters PLC,LSE,UK,Staffing & Outsourcing Services,764
MUBL.L,MBL Group plc,LSE,UK,Entertainment - Diversified,722
XTR.L,Xtract Resources Plc,LSE,UK,Industrial Metals & Minerals,133
BME.L,B&M; European Value Retail S.A.,LSE,UK,"Discount, Variety Stores",732
KIT.L,Keystone Ord,LSE,UK,,0
FUTR.L,Future PLC,LSE,UK,Publishing - Newspapers,727
PCFT.L,Polar Capital Global Financials Ord,LSE,UK,,0
JLF.L,Jelf Group plc,LSE,UK,,0
VSVS.L,Vesuvius plc,LSE,UK,Conglomerates,210
MTU.L,Montanaro UK Smaller Companies Ord,LSE,UK,,0
DNLM.L,Dunelm Group plc,LSE,UK,"Specialty Retail, Other",745
SMIN.L,Smiths Group plc,LSE,UK,Diversified Machinery,622
SAFE.L,Safestore Holdings plc,LSE,UK,REIT - Industrial,444
AGR.L,Assura Plc,LSE,UK,REIT - Healthcare Facilities,442
MAB1.L,Mortgage Advice Bureau (Holdings) PLC,LSE,UK,Mortgage Investment,447
DOTD.L,dotDigital Group Plc,LSE,UK,Technical & System Software,822
GTS.L,GTS Chemical Holdings plc,LSE,UK,Specialty Chemicals,113
IAP.L,ICAP plc,LSE,UK,Investment Brokerage - National,420
MCLS.L,McColl's Retail Group plc,LSE,UK,Department Stores,731
LLD2.L,Lloyds Banking Group plc,LSE,UK,Money Center Banks,410
TYT.L,Toyota Motor Corporation,LSE,UK,Auto Manufacturers - Major,330
IPEL.L,Impellam Group PLC,LSE,UK,Staffing & Outsourcing Services,764
OPG.L,OPG Power Ventures PLC,LSE,UK,Electric Utilities,911
FGP.L,Firstgroup plc,LSE,UK,Trucking,774
IDHC.L,Integrated Diagnostics Holdings plc,LSE,UK,,0
MONI.L,Monitise plc,LSE,UK,Technical & System Software,822
BC32.L,LEWIS JOHN 7CP,LSE,UK,,0
VEN.L,Ventus VCT Ord,LSE,UK,,0
SHP.L,Shire plc,LSE,UK,Biotechnology,515
BCRE.L,BCRE-Brack Capital Real Estate Investments N.V.,LSE,UK,Property Management,448
JGCI.L,JPM GL CON IN GBP,LSE,UK,,0
FFX.L,FairFX Group Plc,LSE,UK,Credit Services,424
CHT.L,"Constellation Healthcare Technologies, Inc.",LSE,UK,Business Services,760
MKS.L,Marks & Spencer Group plc,LSE,UK,Department Stores,731
RPT.L,Regal Petroleum plc,LSE,UK,Independent Oil & Gas,121
DPV7.L,Downing Four VCT DP67,LSE,UK,,0
BABS.L,BlueCrest AllBlue Fund Limited,LSE,UK,,0
XLM.L,XLMedia PLC,LSE,UK,Marketing Services,721
ULS.L,ULS Technology plc,LSE,UK,Internet Information Providers,851
ORM.L,Ormonde Mining plc,LSE,UK,Industrial Metals & Minerals,133
FAN.L,Volution Group plc,LSE,UK,General Building Materials,634
JIGI.L,JPMorgan Income & Growth Inc 2016,LSE,UK,,0
ALM.L,Allied Minds plc,LSE,UK,Information Technology Services,824
PRTC.L,PureTech Health plc,LSE,UK,,0
D467.L,Downing Four VCT DP67,LSE,UK,,0
JDS.L,JARDINE STRATEGIC,LSE,UK,,0
TAL.L,Ten Alps PLC,LSE,UK,Entertainment - Diversified,722
GRPH.L,Graphene NanoChem plc,LSE,UK,Specialty Chemicals,113
KLBT.L,Kalibrate Technologies plc,LSE,UK,Technical & System Software,822
RTO.L,Rentokil Initial plc,LSE,UK,Business Services,760
NWT.L,Newmark Security plc,LSE,UK,Security & Protection Services,765
IBM.L,International Business Machines Corporation,LSE,UK,Information Technology Services,824
FAIC.L,FAIR OAKS IN USD-C-,LSE,UK,,0
ALU.L,The Alumasc Group plc,LSE,UK,General Building Materials,634
LIVN.L,LivaNova PLC,LSE,UK,,0
KMK.L,Kromek Group plc,LSE,UK,Medical Appliances & Equipment,521
VLE.L,Volvere plc,LSE,UK,Asset Management,422
BKG.L,The Berkeley Group Holdings plc,LSE,UK,Residential Construction,630
LTI.L,Lindsell Train Ord,LSE,UK,,0
138569.L,BBA AVIATION I15 NP,LSE,UK,,0
SCIN.L,The Scottish Investment Trust PLC,LSE,UK,Asset Management,422
QP.L,Quantum Pharma Plc,LSE,UK,Drugs - Generic,512
NCCL.L,Ncondezi Energy Limited,LSE,UK,Industrial Metals & Minerals,133
EDGC.L,Edge Performance VCT 'C' Ord,LSE,UK,,0
4095.L,QUINTAIN EST & DEV,LSE,UK,,0
AGOU.L,Ashmore Global Opportunities Ltd,LSE,UK,,0
AFID.IL,AFI DE SP GDR REG-S,IOB,UK,,0
OEC1.L,Octopus Eclipse VCT Ord,LSE,UK,,0
ECWZ.L,Ecofin Water & Power Opps ZDP 2016,LSE,UK,,0
TRS.L,Tarsus Group plc,LSE,UK,Advertising Agencies,720
JMAT.L,Johnson Matthey Plc,LSE,UK,Specialty Chemicals,113
IPF.L,International Personal Finance Plc,LSE,UK,Credit Services,424
GMR.L,Gaming Realms plc,LSE,UK,Gaming Activities,714
SCLP.L,Scancell Holdings PLC,LSE,UK,Biotechnology,515
BBY.L,Balfour Beatty plc,LSE,UK,General Contractors,636
ALF.L,ALTER LIQU FD USD,LSE,UK,,0
SMDS.L,DS Smith Plc,LSE,UK,Packaging & Containers,325
NTQ.L,Enteq Upstream Plc,LSE,UK,Oil & Gas Equipment & Services,124
FDI.L,Firestone Diamonds plc,LSE,UK,Industrial Metals & Minerals,133
WTG.L,Watchstone Group Plc,LSE,UK,,0
STAR.L,Starcom plc,LSE,UK,Communication Equipment,841
GLS.L,Galasys plc,LSE,UK,Business Software & Services,826
EWG.L,EURO WEALTH GR,LSE,UK,,0
PEW.L,Premier Energy and Water Ord/Inc,LSE,UK,,0
IGE.L,Image Scan Holdings plc,LSE,UK,Security & Protection Services,765
ZOX.L,Zincox Resources plc,LSE,UK,Industrial Metals & Minerals,133
INPP.L,International Public Partnerships Limited,LSE,UK,,0
TTG.L,TT Electronics plc,LSE,UK,Diversified Electronics,836
JPE.L,JPMorgan Elect Managed Growth Ord,LSE,UK,,0
DEB.L,Debenhams plc,LSE,UK,Department Stores,731
JPSZ.L,J.P.MO USD 17ZDP AC,LSE,UK,,0
BRIG.L,BlackRock Income and Growth Ord,LSE,UK,,0
IAE.L,Ithaca Energy Inc.,LSE,UK,Independent Oil & Gas,121
JEV.IR,KENMARE RESOURCES,ISE,UK,,0
SHB.L,Shaftesbury PLC,LSE,UK,REIT - Diversified,440
BYOT.L,Byotrol plc,LSE,UK,Personal Products,323
SDR.L,Schroders plc,LSE,UK,Asset Management,422
134884.L,UTILICO ZDP-2020,LSE,UK,,0
MNZS.L,John Menzies plc,LSE,UK,Business Services,760
SPPC.L,St Peter Port Capital Limited,LSE,UK,,0
NRR.L,NewRiver Retail Limited,LSE,UK,Business Services,760
FOGL.L,Falkland Oil and Gas Ltd.,LSE,UK,Oil & Gas Drilling & Exploration,123
EDGF.L,Edge Performance VCT 'F' Ord,LSE,UK,,0
JSG.L,Johnson Service Group plc,LSE,UK,Business Services,760
EXPN.L,Experian plc,LSE,UK,Business Services,760
PFD.L,Premier Foods plc,LSE,UK,Food - Major Diversified,340
NTN.L,Northern 3 VCT Ord,LSE,UK,,0
VNLZ.L,Vinaland ZDP Ltd.,LSE,UK,,0
DO1B.L,Downing Four VCT DSO 1 B,LSE,UK,,0
LLOY.L,Lloyds Banking Group plc,LSE,UK,Money Center Banks,410
PFP.L,Pathfinder Minerals Plc,LSE,UK,Industrial Metals & Minerals,133
BIOM.L,Biome Technologies plc,LSE,UK,Rubber & Plastics,322
AKR.L,Akers Biosciences Inc.,LSE,UK,Medical Instruments & Supplies,520
SSA.IL,JS SIS SP GDR REG-S,IOB,UK,,0
BGLF.L,BLK GSO EUR-REG S,LSE,UK,,0
APAX.L,APAX GLOB ALPHA GBP,LSE,UK,,0
WIND.L,Renewable Energy Generation Limited,LSE,UK,Diversified Utilities,913
CTAG.L,CloudTag Inc.,LSE,UK,Scientific & Technical Instruments,837
PFL.L,Premier Farnell plc,LSE,UK,Electronics Wholesale,753
CRA.L,TP Group plc,LSE,UK,Diversified Machinery,622
CNEL.L,China New Energy Ltd.,LSE,UK,Oil & Gas Equipment & Services,124
BWY.L,Bellway plc,LSE,UK,Residential Construction,630
KIE.L,Kier Group plc,LSE,UK,General Contractors,636
MYIB.L,Murray International B Ord,LSE,UK,,0
MGHP.L,M&G; High Income Packaged Unit,LSE,UK,,0
TEM.L,Templeton Emerging Mkts Invmt Tr TEMIT,LSE,UK,,0
NAS.L,North Atlantic Smaller Cos Ord,LSE,UK,,0
OSU.L,Orsu Metals Corporation,LSE,UK,Industrial Metals & Minerals,133
NSI.L,New Star Investment Trust Ord,LSE,UK,,0
CIN.L,City of London Group plc,LSE,UK,Asset Management,422
RENE.L,ReNeuron Group plc,LSE,UK,Biotechnology,515
SERE.L,SCHRODER REIT,LSE,UK,,0
CHRT.L,Cohort PLC,LSE,UK,Aerospace/Defense - Major Diversified,610
IGV.L,The Income & Growth VCT Ord,LSE,UK,,0
KYGA.L,Kerry Group plc,LSE,UK,Food - Major Diversified,340
HNE.L,Henderson EuroTrust Ord,LSE,UK,,0
JOG.L,Jersey Oil and Gas Plc,LSE,UK,,0
BGEO.L,BGEO Group plc,LSE,UK,Money Center Banks,410
SRO.L,Spitfire Oil Ltd.,LSE,UK,Independent Oil & Gas,121
MNKS.L,Monks Ord,LSE,UK,,0
KWE.L,Kennedy Wilson Europe Real Estate Plc,LSE,UK,Property Management,448
WYN.L,Wynnstay Group plc,LSE,UK,Agricultural Chemicals,112
FTVI.L,Foresight VCT Infrastructure Ord,LSE,UK,,0
BSY.L,Sky plc,LSE,UK,CATV Systems,725
KUL.L,KUALA INNOVATI GBP,LSE,UK,,0
SVT.L,Severn Trent Plc,LSE,UK,Water Utilities,914
FRO.L,Frontline Ltd.,LSE,UK,Shipping,775
PU11.L,PUMA VCT 11,LSE,UK,,0
LSLI.L,London and St. Lawrence Investment Company PLC,LSE,UK,Asset Management,422
BRBY.L,Burberry Group plc,LSE,UK,Jewelry Stores,742
PZC.L,PZ Cussons Plc,LSE,UK,Personal Products,323
RTC.L,RTC Group plc,LSE,UK,Staffing & Outsourcing Services,764
136556.L,CLEANTECH BUILD,LSE,UK,,0
ZEG.L,Zegona Communications plc,LSE,UK,,0
JMI.L,JPMorgan Smaller Companies Ord,LSE,UK,,0
BFA.L,BASF SE,LSE,UK,Chemicals - Major Diversified,110
SQZ.L,Serica Energy PLC,LSE,UK,Independent Oil & Gas,121
ZCC.L,ZCCM Investments Holdings Plc,LSE,UK,,0
KSK.L,KSK Power Ventur PLC,LSE,UK,Electric Utilities,911
NG.L,National Grid plc,LSE,UK,Diversified Utilities,913
IMG.L,Imagination Technologies Group Plc,LSE,UK,Semiconductor Equipment & Materials,834
CBM.L,Cleantech Building Materials Plc,LSE,UK,,0
GFTU.L,Grafton Group plc,LSE,UK,General Building Materials,634
ALNT.L,Alent plc,LSE,UK,,0
VOF.L,VinaCapital Vietnam Opportunity Fund Limited,LSE,UK,,0
LGLD.IL,LG SP.GDR-144A PFD,IOB,UK,,0
ICP.L,Intermediate Capital Group plc,LSE,UK,Asset Management,422
JMIS.L,JPMorgan Smaller 2017 Subs,LSE,UK,,0
OXT.L,Oxford Technology VCT Ord,LSE,UK,,0
ESUR.L,esure Group plc,LSE,UK,Property & Casualty Insurance,432
JLH.L,John Lewis of Hungerford plc,LSE,UK,Home Furnishings & Fixtures,311
APGN.L,Applegreen Plc,LSE,UK,,0
GAW.L,Games Workshop Group plc,LSE,UK,"Recreational Goods, Other",317
110011.L,PWR CAP GLOBAL,LSE,UK,,0
FTV.L,Foresight VCT Ord,LSE,UK,,0
MTMY.L,Matomy Media Group Ltd.,LSE,UK,Marketing Services,721
DFX.L,Defenx Plc,LSE,UK,,0
TLI.L,US Traded Life Interests PtRedPrf,LSE,UK,,0
CKN.L,Clarkson PLC,LSE,UK,Business Services,760
CR3B.L,CORE VCT -B-,LSE,UK,,0
EXXI.L,Energy XXI Ltd.,LSE,UK,,0
LTTD.IL,LITE-ON SPGDR REG-S,IOB,UK,,0
DMGT.L,Daily Mail and General Trust plc,LSE,UK,Publishing - Newspapers,727
CTP.L,Castleton Technology plc,LSE,UK,Business Services,760
SGE.L,Sage Group plc,LSE,UK,Technical & System Software,822
SRB.L,Serabi Gold plc,LSE,UK,Gold,134
ROL.L,Rotala PLC,LSE,UK,Railroads,776
MRC.L,Mercantile Ord,LSE,UK,,0
QIF.L,QATAR INVEST USD,LSE,UK,,0
SILF.L,Silver Falcon plc,LSE,UK,,0
PMO.L,Premier Oil plc,LSE,UK,Independent Oil & Gas,121
RKH.L,Rockhopper Exploration plc.,LSE,UK,Oil & Gas Drilling & Exploration,123
WIN.L,Wincanton plc,LSE,UK,Air Delivery & Freight Services,773
INSE.L,Inspired Energy plc,LSE,UK,Business Services,760
FSJ.L,James Fisher and Sons plc,LSE,UK,Business Services,760
VIS.L,Vitesse Media Plc,LSE,UK,Entertainment - Diversified,722
FAS.L,Fidelity Asian Values Ord,LSE,UK,,0
OPTS.L,Optos plc,LSE,UK,,0
JUP.L,Jupiter Fund Management Plc,LSE,UK,Asset Management,422
BWRA.L,BRISTOL WTR 8.75CIP,LSE,UK,,0
UKOG.L,UK Oil & Gas Investments PLC,LSE,UK,Asset Management,422
KNOS.L,Kainos Group plc,LSE,UK,,0
CAZA.L,"Caza Oil & Gas, Inc.",LSE,UK,Independent Oil & Gas,121
GLOO.L,Gloo Networks Plc,LSE,UK,,0
ZENB.IL,ZENIT SP GDR-REG S,IOB,UK,,0
MTPH.L,Midatech Pharma Plc,LSE,UK,Biotechnology,515
SMWH.L,WH Smith PLC,LSE,UK,"Specialty Retail, Other",745
MYSL.L,MySale Group plc,LSE,UK,"Specialty Retail, Other",745
FLYB.L,Flybe Group PLC,LSE,UK,Major Airlines,770
ONZ.L,Onzima Ventures PLC,LSE,UK,,0
DP3H.L,Downing Three VCT 'H' Ord,LSE,UK,,0
JPZZ.L,J.P.MORGAN PR EQZDP,LSE,UK,,0
BRSC.L,BlackRock Smaller Companies Ord,LSE,UK,,0
HVE.L,Havelock Europa plc,LSE,UK,Home Furnishings & Fixtures,311
MNOD.IL,MMC NOR NICKEL ADR,IOB,UK,,0
FLX.L,Falanx Group Limited,LSE,UK,Security & Protection Services,765
137255.L,ASH GLOBAL OPP USD,LSE,UK,,0
THAL.L,Thalassa Holdings Ltd.,LSE,UK,Oil & Gas Equipment & Services,124
JQW.L,JQW plc,LSE,UK,Internet Information Providers,851
BBAF.L,BBA AVIATION I15 FP,LSE,UK,,0
VIP.L,Vipera Plc,LSE,UK,Technical & System Software,822
PRW.L,Promethean World Plc,LSE,UK,,0
JPSS.L,JPM Japan Smaller 2016 Subs,LSE,UK,,0
FTF.L,Foresight 4 VCT Ord,LSE,UK,,0
RYA.L,Ryanair Holdings plc,LSE,UK,Major Airlines,770
HEAD.L,Headlam Group plc,LSE,UK,Home Furnishings & Fixtures,311
HFD.L,Halfords Group plc,LSE,UK,"Specialty Retail, Other",745
MTO.L,MITIE Group PLC,LSE,UK,Business Services,760
PMG.L,The Parkmead Group Plc,LSE,UK,Independent Oil & Gas,121
ITV.L,ITV plc,LSE,UK,Broadcasting - TV,723
UKR.L,Ukrproduct Group Ltd.,LSE,UK,Food - Major Diversified,340
ITM.L,ITM Power Plc,LSE,UK,Diversified Electronics,836
HONY.L,Honeycomb Investment Trust,LSE,UK,,0
JUSC.L,JPMorgan US Smaller Companies Ord,LSE,UK,,0
RAME.L,Rame Energy Plc,LSE,UK,General Contractors,636
PAG.L,Paragon Group of Companies plc,LSE,UK,Mortgage Investment,447
JLIF.L,JOHN LAING INFR GBP,LSE,UK,,0
DCI.L,Dolphin Capital Investors Limited,LSE,UK,,0
BP.L,BP p.l.c.,LSE,UK,Major Integrated Oil & Gas,120
JHDA.L,JAMES HALSTED CP ,LSE,UK,,0
GPRT.L,"Goldenport Holdings, Inc.",LSE,UK,Shipping,775
PAX.L,Pacific Alliance Asia Opportunity Fund Limited,LSE,UK,,0
KAY.L,Kings Arms Yard VCT Ord,LSE,UK,,0
71HT.L,MHP SP GDR-144A,LSE,UK,,0
DIGC.L,GCP Student Living plc,LSE,UK,,0
SCT.L,Softcat Plc,LSE,UK,,0
PHP.L,Primary Health Properties,LSE,UK,REIT - Healthcare Facilities,442
WCW.L,Walker Crips Group plc,LSE,UK,Asset Management,422
FIF.L,Finsbury Food Group plc,LSE,UK,Food - Major Diversified,340
LWRF.L,LightwaveRF Plc,LSE,UK,Electronic Equipment,314
CNA.L,Centrica plc,LSE,UK,Diversified Utilities,913
TSCO.L,Tesco PLC,LSE,UK,Grocery Stores,734
WWH.L,Worldwide Healthcare Ord,LSE,UK,,0
ZYT.L,Zytronic plc,LSE,UK,Diversified Electronics,836
DRG.L,Draganfly Investments Limited,LSE,UK,Asset Management,422
SOI.L,Schroder Oriental Income Fund Limited,LSE,UK,,0
INV.L,Investment Co. plc,LSE,UK,Asset Management,422
NXT.L,Next Plc,LSE,UK,Apparel Stores,730
QIL.L,QANNAS INVMT USD,LSE,UK,,0
GWMO.L,Great Western Mining Corp PLC,LSE,UK,Industrial Metals & Minerals,133
AIB1.IR,ALLIED IRISH BANKS,ISE,UK,,0
TMT.L,TMT Investments PLC,LSE,UK,Asset Management,422
TPV1.L,Triple Point Income VCT,LSE,UK,,0
VCP.L,Victoria plc,LSE,UK,Home Furnishings & Fixtures,311
PGOO.L,ProVen Growth and Income VCT Ord,LSE,UK,,0
JEO.L,Jupiter European Opportunities Ord,LSE,UK,,0
ADAM.L,Adamas Finance Asia Limited,LSE,UK,,0
MCON.L,Mincon Group Plc,LSE,UK,Machine Tools & Accessories,624
TBCB.IL,TBC BK SP GDR-REG-S,IOB,UK,,0
NRI.L,Northern Investors Ord,LSE,UK,,0
CAPC.L,Capital & Counties Properties PLC,LSE,UK,Property Management,448
BNR.L,Blenheim Natural Resources plc,LSE,UK,,0
SMT.L,Scottish Mortgage Ord,LSE,UK,,0
JZCP.L,JZ Capital Partners Limited,LSE,UK,,0
CRDA.L,Croda International plc,LSE,UK,Specialty Chemicals,113
CCJI.L,CC Japan Income & Growth Ord,LSE,UK,,0
WPG.L,Worldpay Group plc,LSE,UK,,0
UTV.L,UTV Media plc,LSE,UK,Broadcasting - TV,723
LLPL.L,6.0884 LLOYDS NCP,LSE,UK,,0
OUT.L,Outsourcery PLC,LSE,UK,Technical & System Software,822
PREM.L,Premier African Minerals Limited,LSE,UK,Industrial Metals & Minerals,133
PACL.L,Pacific Alliance China Land Ltd,LSE,UK,,0
VCBC.L,Vertu Capital Limited,LSE,UK,,0
ELA.L,Eland Oil & Gas PLC,LSE,UK,Independent Oil & Gas,121
STEL.L,Stellar Diamonds plc,LSE,UK,Industrial Metals & Minerals,133
ALAS.L,AB LTN AMER SUB 15,LSE,UK,,0
PSON.L,Pearson plc,LSE,UK,Publishing - Newspapers,727
WTI.L,Weatherly International PLC,LSE,UK,Copper,131
BIOG.L,Biotech Growth Ord,LSE,UK,,0
BLT.L,BHP Billiton plc,LSE,UK,Industrial Metals & Minerals,133
PEMB.L,Pembroke VCT B,LSE,UK,,0
CICZ.L,CONYGAR ZDP 19,LSE,UK,,0
GHG.L,Georgia Healthcare Group PLC,LSE,UK,,0
CGH.L,Chaarat Gold Holdings Ltd,LSE,UK,Gold,134
PDL.L,Petra Diamonds Ltd.,LSE,UK,Industrial Metals & Minerals,133
GEMD.L,Gem Diamonds Limited,LSE,UK,Industrial Metals & Minerals,133
UNG.L,Universe Group plc,LSE,UK,Business Services,760
HALS.IL,HALS-DV SP GDR-REGS,IOB,UK,,0
VLK.L,Vislink plc,LSE,UK,Communication Equipment,841
PRG.L,Paragon Diamonds Limited,LSE,UK,,0
SEQI.L,SEQU ECON INFRA GBP,LSE,UK,,0
MIG4.L,Mobeus Income & Growth 4 VCT Ord,LSE,UK,,0
HER.L,Herencia Resources plc.,LSE,UK,Industrial Metals & Minerals,133
CBG.L,Close Brothers Group plc,LSE,UK,Asset Management,422
SCF.L,Schroder Income Growth Ord,LSE,UK,,0
WSX.L,Hague and London Oil Plc,LSE,UK,Oil & Gas Drilling & Exploration,123
CSR.L,CSR plc,LSE,UK,,0
RDSB.L,Royal Dutch Shell plc,LSE,UK,Major Integrated Oil & Gas,120
SST.L,Scottish Oriental Smaller Cos Ord,LSE,UK,,0
ADN.L,Aberdeen Asset Management PLC,LSE,UK,Asset Management,422
STCK.L,Stock Spirits Group plc,LSE,UK,Beverages - Wineries & Distillers,347
HGT.L,HgCapital Trust Ord,LSE,UK,,0
WGB.L,Walker Greenbank plc,LSE,UK,Home Furnishings & Fixtures,311
VOG.L,Victoria Oil & Gas plc,LSE,UK,Oil & Gas Drilling & Exploration,123
IGAS.L,IGas Energy Plc,LSE,UK,Independent Oil & Gas,121
WTAN.L,Witan Ord,LSE,UK,,0
HYUD.IL,HYUNDAI MTR SP GDR,IOB,UK,,0
FOG.L,Falcon Oil & Gas Ltd.,LSE,UK,Independent Oil & Gas,121
QED.L,Quintain Estates and Development plc,LSE,UK,,0
138969.L,STD CHARTERE I15 FP,LSE,UK,,0
UBI.L,Ubisense Group Plc,LSE,UK,Scientific & Technical Instruments,837
REAT.L,React Group Plc,LSE,UK,,0
NWF.L,NWF Group plc,LSE,UK,Food Wholesale,757
TPF.L,Taliesin Property Fund Limited,LSE,UK,Property Management,448
BMT.L,T.F. & J.H. Braime (Holdings) P.L.C.,LSE,UK,Metal Fabrication,626
MSG.L,Milestone Group plc,LSE,UK,Multimedia & Graphics Software,820
OGT.L,INT OIL GAS USD-ACC,LSE,UK,,0
MRW.L,Wm. Morrison Supermarkets plc,LSE,UK,Grocery Stores,734
GLIF.L,GLI Finance Limited,LSE,UK,Asset Management,422
TPFZ.L,Taliesin Property Fund Limited,LSE,UK,Property Management,448
UTLE.L,UIL Finance Limited,LSE,UK,,0
HHPG.L,"Hon Hai Precision Industry Co., Ltd.",LSE,UK,,0
XSG.L,Xeros Technology Group plc,LSE,UK,Diversified Machinery,622
DQE.L,DQ Entertainment Plc,LSE,UK,Entertainment - Diversified,722
RDW.L,Redrow plc,LSE,UK,Residential Construction,630
JEMI.L,JPMorgan Global Emerg Mkts Inc Ord,LSE,UK,,0
EPO.L,Earthport plc,LSE,UK,Business Services,760
NESF.L,NEXTENERGY SOL GBP,LSE,UK,,0
AML.L,Amlin plc,LSE,UK,Property & Casualty Insurance,432
POL.L,Polo Resources Limited,LSE,UK,Industrial Metals & Minerals,133
ATK.L,WS Atkins plc,LSE,UK,Business Services,760
FLK.L,Fletcher King plc,LSE,UK,Property Management,448
NII.L,New India Ord,LSE,UK,,0
BDV.L,Baronsmead VCT Ord,LSE,UK,,0
GMD.L,GAME Digital plc,LSE,UK,"Specialty Retail, Other",745
TEK.L,Tekcapital plc,LSE,UK,Business Software & Services,826
JKX.L,JKX Oil & Gas plc,LSE,UK,Independent Oil & Gas,121
HSW.IR,HOSTELWORLD GRP,ISE,UK,,0
JDTZ.L,Jupiter Dividend & Growth ZDP,LSE,UK,,0
EFM.L,Edinburgh Dragon Ord,LSE,UK,,0
RM.L,RM Plc,LSE,UK,Business Software & Services,826
EBQ.L,Ebiquity plc,LSE,UK,Marketing Services,721
SSPG.L,SSP Group plc,LSE,UK,Restaurants,712
THT.L,Thorntons PLC,LSE,UK,,0
CWC.L,Cable & Wireless Communications Plc,LSE,UK,Wireless Communications,840
VP.L,Vp plc,LSE,UK,Rental & Leasing Services,761
BEST.L,Best of the Best Plc,LSE,UK,"Recreational Goods, Other",317
ASHM.L,Ashmore Group PLC,LSE,UK,Asset Management,422
PMEA.L,PME African Infrastructure Opportunities PLC,LSE,UK,Asset Management,422
ETI.L,Enterprise Inns plc,LSE,UK,Restaurants,712
TT.L,TUI TRAVEL,LSE,UK,,0
MYI.L,Murray International Ord,LSE,UK,,0
138508.L,JZ CAPITAL PAR GBP,LSE,UK,,0
GKN.L,GKN plc,LSE,UK,Auto Parts,333
SMTG.L,Summit Germany Limited,LSE,UK,Property Management,448
17GK.L,Public Joint Stock Company MegaFon,LSE,UK,Wireless Communications,840
RTN.L,Restaurant Group plc,LSE,UK,Restaurants,712
SDRC.L,Schroders plc,LSE,UK,Asset Management,422
CFU.L,Ceramic Fuel Cells Limited,LSE,UK,,0
AEP.L,Anglo Eastern Plantations plc,LSE,UK,Farm Products,341
NBPO.L,NEW BRITAIN,LSE,UK,,0
XAR.L,Xaar plc,LSE,UK,Diversified Electronics,836
UAV.L,Unicorn AIM VCT Ord,LSE,UK,,0
GRL.L,Goldstone Resources Ltd.,LSE,UK,Gold,134
RDI.L,Redefine International P.L.C.,LSE,UK,REIT - Diversified,440
DO1O.L,Downing Four VCT DSO 1,LSE,UK,,0
138968.L,STD CHARTERE I15 NP,LSE,UK,,0
PA.L,PARTNERSHIP,LSE,UK,,0
LAND.L,Land Securities Group plc,LSE,UK,REIT - Office,441
NBU.L,Naibu Global International Company Plc,LSE,UK,,0
MERC.L,Mercia Technologies PLC,LSE,UK,Real Estate Development,449
WSBN.L,Wishbone Gold Plc,LSE,UK,Gold,134
TLY.L,Totally plc,LSE,UK,Healthcare Information Services,825
NBLS.L,NB GLB FLOTING GBP,LSE,UK,,0
QQ.L,QinetiQ Group Plc,LSE,UK,Aerospace/Defense - Major Diversified,610
TYRU.L,"TyraTech, Inc.",LSE,UK,Agricultural Chemicals,112
PRO.L,Progressive Digital Media Group PLC,LSE,UK,,0
VNF.L,PXP VIETNAM,LSE,UK,,0
EDP.L,Electronic Data Processing plc,LSE,UK,Technical & System Software,822
POG.L,Petropavlovsk PLC,LSE,UK,Gold,134
MBC.L,Mitsubishi Corporation,LSE,UK,Conglomerates,210
SHOE.L,Shoe Zone Plc,LSE,UK,Textile - Apparel Footwear & Accessories,321
FCPT.L,F&C; Commercial Property Trust Limited,LSE,UK,,0
IOG.L,Independent Oil & Gas Plc,LSE,UK,Independent Oil & Gas,121
UBM.L,UBM plc,LSE,UK,Marketing Services,721
NXR.L,Norcros plc,LSE,UK,General Building Materials,634
MYX.L,MyCelx Technologies Corporation,LSE,UK,Pollution & Treatment Controls,623
SGI.L,The Stanley Gibbons Group plc,LSE,UK,"Specialty Retail, Other",745
RC2.L,Reconstruction Capital II Limited,LSE,UK,,0
ZMNO.L,zamano plc,LSE,UK,Wireless Communications,840
LTHM.L,James Latham plc,LSE,UK,Industrial Equipment Wholesale,752
HMSO.L,Hammerson plc,LSE,UK,REIT - Retail,446
WINK.L,M Winkworth PLC,LSE,UK,Property Management,448
ENDV.L,Endeavour International Corporation,LSE,UK,,0
IVPU.L,Invesco Perp Select UK Equity Ord,LSE,UK,,0
SNR.L,Senior plc,LSE,UK,Aerospace/Defense - Major Diversified,610
DVW.L,Dee Valley Group plc,LSE,UK,Water Utilities,914
FRCL.L,Foreign & Colonial Investment Trust Ord,LSE,UK,,0
HYG.L,Hygea VCT Ord,LSE,UK,,0
MGAM.L,MORGAN ADV,LSE,UK,,0
FDEV.L,Frontier Developments Plc,LSE,UK,Multimedia & Graphics Software,820
SRP.L,Serco Group plc,LSE,UK,Business Services,760
OMI.L,Orosur Mining Inc.,LSE,UK,Gold,134
DRS.IR,DRAGON OIL,ISE,UK,,0
CYS.L,Chrysalis VCT Ord,LSE,UK,,0
PAY.L,PayPoint plc,LSE,UK,Business Services,760
CHOO.L,Jimmy Choo PLC,LSE,UK,Jewelry Stores,742
SREI.L,SCHRODER REIT,LSE,UK,,0
PFZ.L,Pfizer Inc.,LSE,UK,Drug Manufacturers - Major,510
MGHU.L,M&G; High Income Geared Unit,LSE,UK,,0
BGS.L,Baillie Gifford Shin Nippon Ord,LSE,UK,,0
ULT.L,Ultrasis plc,LSE,UK,,0
FKE.L,Fiske Plc,LSE,UK,Asset Management,422
EDGE.L,Edge Performance VCT 'E' Ord,LSE,UK,,0
AMFW.L,AMEC FOSTER WHEELER,LSE,UK,,0
OCT.L,"Octagonal Plc, Prior to Reverse Merger with Global Investment Strategy UK Limited",LSE,UK,,0
APR.L,APR ENERGY,LSE,UK,,0
MXO.L,MX Oil PLC,LSE,UK,,0
SHRS.L,Shires Income Ord,LSE,UK,,0
CDI.L,Candover Investments plc,LSE,UK,Asset Management,422
HRI.L,Herald Ord,LSE,UK,,0
DP2G.L,Downing Two VCT 'G' Ord,LSE,UK,,0
AIFZ.L,ACN INC ZDP GBP,LSE,UK,,0
UKW.L,Greencoat UK Wind,LSE,UK,,0
VLS.L,VELOCYS,LSE,UK,,0
MERL.L,Merlin Entertainments plc,LSE,UK,Entertainment - Diversified,722
OXF.L,Oxford Technology VCT 4 Ord,LSE,UK,,0
2865.L,OPSEC SECURITY GRP,LSE,UK,,0
VEN2.L,Ventus VCT 2 Ord,LSE,UK,,0
EMR.L,Empresaria Group plc,LSE,UK,Staffing & Outsourcing Services,764
IHC.L,Inspiration Healthcare Group plc,LSE,UK,Conglomerates,210
MJW.L,Majestic Wine plc,LSE,UK,Beverages - Wineries & Distillers,347
BCA.L,BCA MARKETPLACE,LSE,UK,,0
21998.IL,KAZAKH SP GDR REG-S,IOB,UK,,0
VNL.L,VinaLand Limited,LSE,UK,,0
FIVE.IL,X5 RTL SP GDR REG-S,IOB,UK,,0
QPP.L,Watchstone Group Plc,LSE,UK,Information Technology Services,824
CIRC.L,Circle Holdings plc,LSE,UK,Hospitals,524
137355.L,AXA PROPERTY TR GBP,LSE,UK,,0
HL.L,Hargreaves Lansdown plc,LSE,UK,Asset Management,422
SZCD.IL,SUEZ SP GDR REG-S,IOB,UK,,0
DWHA.L,Dewhurst plc,LSE,UK,Diversified Electronics,836
GTLY.L,Gateley (Holdings) Plc,LSE,UK,,0
BPKD.IL,BK PSKA SPGDR REG-S,IOB,UK,,0
JRG.L,Just Retirement Group plc,LSE,UK,Asset Management,422
REL.L,RELX PLC,LSE,UK,Publishing - Newspapers,727
36GK.L,VTB BNK SP GDR-144A,LSE,UK,,0
CHG.L,Chemring Group plc,LSE,UK,,0
OBT.L,Obtala Resources Limited,LSE,UK,Farm Products,341
CRWN.L,Crown Place VCT Ord,LSE,UK,,0
CMBN.L,Cambian Group plc,LSE,UK,Hospitals,524
SMSN.IL,SMG SP GDR-144A-S,IOB,UK,,0
OOA.L,Octopus AIM VCT Ord,LSE,UK,,0
EGS.L,eg solutions plc,LSE,UK,Technical & System Software,822
HINT.L,Henderson International Income Ord,LSE,UK,,0
STL.L,Stilo International plc,LSE,UK,Internet Information Providers,851
RUSP.L,1 RAVEN RUSSIA CRP,LSE,UK,,0
98KI.L,YAPI SP GDR-144A,LSE,UK,,0
HDIV.L,Henderson Diversified Income Limited,LSE,UK,,0
GLOK.L,Global Lock Safety (International) Group Co. Ltd.,LSE,UK,,0
GWIN.L,GOWIN NEW ENER,LSE,UK,,0
HNL.L,Hague and London Oil Plc,LSE,UK,Oil & Gas Drilling & Exploration,123
ATMA.L,Atlas Mara Limited,LSE,UK,Money Center Banks,410
PEZ.L,PEWT 20 GBP-ZDP-AC,LSE,UK,,0
ANR.L,Altona Energy Plc,LSE,UK,Industrial Metals & Minerals,133